,n_cells
AAACACCAATAACTGC-1,43
AAACAGAGCGACTCCT-1,36
AAACAGCTTTCAGAAG-1,41
AAACAGGGTCTATATT-1,39
AAACCGGGTAGGTACC-1,44
AAACCGTTCGTCCAGG-1,42
AAACCTCATGAAGTTG-1,61
AAACGAAGAACATACC-1,32
AAACGAAGATGGAGTA-1,46
AAACGAGACGGTTGAT-1,33
AAACGGGTTGGTATCC-1,43
AAACTAACGTGGCGAC-1,44
AAACTCGTGATATAAG-1,15
AAACTGCTGGCTCCAA-1,46
AAACTTAATTGCACGC-1,36
AAACTTGCAAACGTAT-1,14
AAAGACATGAAGTTTA-1,113
AAAGACCCAAGTCGCG-1,40
AAAGACTGGGCGCTTT-1,71
AAAGGCCCTATAATAC-1,32
AAAGGCTCTCGCGCCG-1,28
AAAGGGATGTAGCAAG-1,17
AAAGGGCAGCTTGAAT-1,52
AAAGGTAAGCTGTACC-1,31
AAAGTAGCATTGCTCA-1,73
AAAGTCACTGATGTAA-1,43
AAAGTCGACCCTCAGT-1,36
AAAGTGTGATTTATCT-1,87
AAAGTTGACTCCCGTA-1,77
AAATAACCATACGGGA-1,37
AAATACCTATAAGCAT-1,44
AAATAGGGTGCTATTG-1,96
AAATCGCGGAAGGAGT-1,42
AAATCGTGTACCACAA-1,47
AAATGATTCGATCAGC-1,25
AAATGCTCGTTACGTT-1,41
AAATGGCATGTCTTGT-1,44
AAATGGCCCGTGCCCT-1,44
AAATGGTCAATGTGCC-1,13
AAATGTGGGTGCTCCT-1,41
AAATTAACGGGTAGCT-1,32
AAATTACACGACTCTG-1,44
AAATTACCTATCGATG-1,36
AAATTGATAGTCCTTT-1,19
AAATTGCGGCGGTTCT-1,41
AAATTTACCGAAATCC-1,32
AAATTTGCGGGTGTGG-1,29
AACAACTGGTAGTTGC-1,76
AACAATACATTGTCGA-1,35
AACAATTACTCTACGC-1,35
AACACGACTGTACTGA-1,52
AACACGAGACGCGGCC-1,47
AACACGCGGCCGCGAA-1,43
AACAGCTGTGTGGCAA-1,36
AACAGGAAATCGAATA-1,38
AACAGGATGGGCCGCG-1,22
AACATATCAACTGGTG-1,28
AACATCGATACGTCTA-1,46
AACATTGAAGTTGATC-1,49
AACATTGGTCAGCCGT-1,11
AACCAAGACTTCTCTG-1,34
AACCAGTATCACTCTT-1,31
AACCATAGGGTTGAAC-1,28
AACCATGGGATCGCTA-1,3
AACCCAGAGACGGAGA-1,37
AACCCATCCCATGATC-1,42
AACCCGACAACCCGTG-1,48
AACCCTACTGTCAATA-1,20
AACCCTGGTGGAACCA-1,35
AACCGAGCTTGGTCAT-1,25
AACCGCTAAGGGATGC-1,36
AACCGTTGTGTTTGCT-1,33
AACCTAAAGCCGTCCG-1,45
AACCTTTAAATACGGT-1,17
AACCTTTACGACGTCT-1,30
AACGAAAGTCGTCCCA-1,44
AACGATAATGCCGTAG-1,21
AACGATAGAAGGGCCG-1,35
AACGATATGTCAACTG-1,28
AACGCATGATCTGGGT-1,41
AACGCGAACGGCAACA-1,50
AACGCGACCTTGGGCG-1,43
AACGCGGTCTCCAGCC-1,21
AACGCTGTTGCTGAAA-1,1
AACGGACGTACGTATA-1,2
AACGGCCATCTCCGGT-1,35
AACGTACTGTGGGTAC-1,15
AACGTAGTCTACCCAT-1,47
AACGTCAGACTAGTGG-1,63
AACGTGATGAAGGACA-1,55
AACGTGCGAAAGTCTC-1,40
AACGTTATCAGCACCT-1,39
AACTAGCGTATCGCAC-1,44
AACTAGGCTTGGGTGT-1,25
AACTCAAGTTAATTGC-1,28
AACTCCTAATCCCATG-1,37
AACTCGATGGCGCAGT-1,31
AACTCTCAATAGAGCG-1,33
AACTCTCAGTGTGCTC-1,105
AACTGAGGTCAGCGTC-1,37
AACTGATATTAGGCCT-1,41
AACTGGGTCCCGACGT-1,32
AACTGGGTTCGAGCCG-1,45
AACTGGTGTGGGCCTT-1,43
AACTTCTGCGTCTATC-1,81
AACTTGCCCGTATGCA-1,46
AACTTGCGTTCTCGCG-1,55
AACTTTACGGGAGCTT-1,37
AACTTTAGCTGCTGAG-1,30
AAGAAGGATCAGTTAG-1,38
AAGACCCAACTGAACA-1,33
AAGACTAACCCGTTGT-1,71
AAGACTCACGCCCACT-1,54
AAGACTGCAAGCTACT-1,45
AAGAGATGAATCGGTA-1,44
AAGAGCTCTTTATCGG-1,17
AAGAGGATGTACGCGA-1,61
AAGAGGCATGGATCGC-1,34
AAGATGGCACCGGACC-1,40
AAGATTGGCGGAACGT-1,28
AAGCACCCTGCGTATC-1,16
AAGCATACTCTCCTGA-1,14
AAGCCGCCGTGAAATC-1,52
AAGCGGCGTCATGGGT-1,37
AAGCGTCCCTCATCGA-1,26
AAGCTAGATCGAGTAA-1,72
AAGCTCGTGCCAAGTC-1,44
AAGCTCTTTCATGGTG-1,68
AAGGAGAACTTATAAG-1,54
AAGGAGCGGTTGGTGC-1,37
AAGGATGAGGGACCTC-1,32
AAGGCGCGTAAAGCTT-1,59
AAGGCTGTGCTCATCG-1,20
AAGGGAACGACTGGCT-1,35
AAGGGACAGATTCTGT-1,38
AAGGGACTATGCATTC-1,36
AAGGTATCCTAATATA-1,26
AAGGTGATAAACCAGC-1,81
AAGTAAGCTTCCAAAC-1,38
AAGTAGAAGACCGGGT-1,53
AAGTAGTGACGCGAGG-1,33
AAGTCAATTGTCGTCA-1,28
AAGTCTTCTGTGGCCT-1,28
AAGTGACGACCGAATT-1,22
AAGTGCAAAGGTAGAC-1,44
AAGTGCGTTAGAATCT-1,27
AAGTGCTTCTCTATTG-1,35
AAGTGTTTGGAGACGG-1,68
AAGTTCAGTCTGCGTA-1,41
AAGTTCGGCCAACAGG-1,32
AAGTTTACTAATGGCA-1,31
AATAACAACGCTCGGC-1,22
AATAACACTAGAACAA-1,6
AATAAGTCCTCGAGAC-1,44
AATACAATGTTTCAGG-1,33
AATACCGGAGGGCTGT-1,53
AATAGAACAGAGTGGC-1,49
AATAGAATCTGTTTCA-1,17
AATAGCAAGCCTCCTG-1,4
AATAGCTACCGCGTGC-1,33
AATAGTCCGTCCCGAC-1,35
AATAGTCGCGAGTCGG-1,16
AATATCAAGGTCGGAT-1,43
AATATCCTAGCAAACT-1,32
AATATCGAGGGTTCTC-1,27
AATATTGGAGTATTGA-1,43
AATCAGACTGCAGGAC-1,48
AATCAGGTTTCATTTA-1,47
AATCCAAGGGCCTGAG-1,50
AATCCATGCAAGGGTG-1,66
AATCGCCTCAGCGCCA-1,36
AATCGGGACACTACGA-1,42
AATCTAGGTTTACTTG-1,43
AATCTATGCCGGAGCC-1,38
AATCTCTACTGTGGTT-1,76
AATCTGCGTTGGGACG-1,25
AATCTGGCTTTCTAGT-1,43
AATCTGGGTAGACCCT-1,45
AATGACAGCAATGTCT-1,11
AATGACGTAGGATGTC-1,26
AATGACTGTCAGCCGG-1,48
AATGAGTTCGCATATG-1,71
AATGATGATACGCTAT-1,33
AATGATGCGACTCCTG-1,33
AATGCAACCGGGTACC-1,34
AATGCACCAAGCAATG-1,35
AATGGTCCACCGTTCA-1,47
AATGGTTCTCACAAGC-1,36
AATGTATGGCACTGTA-1,33
AATGTGCCCGAGGTGT-1,2
AATGTGCTAATCTGAG-1,76
AATTAAAGGTCGGCGT-1,49
AATTAACGGATTTCCA-1,45
AATTACGAGACCCATC-1,51
AATTAGCGCTGCAGCG-1,83
AATTCATAAGGGATCT-1,35
AATTCATTGTCATGCA-1,37
AATTCCAAGCATGTAC-1,59
AATTCTAGAGTTAGGC-1,19
AATTGAACGCTCTGGT-1,40
AATTGCGTGGATTACA-1,4
AATTTGGGACATAGTA-1,42
AATTTGGTTCCAAAGA-1,29
ACAAACCATGCGTCCT-1,35
ACAAACCGACAAGGCG-1,52
ACAAAGAAGGTAGGCC-1,52
ACAAATCGCACCGAAT-1,14
ACAAATGGTAGTGTTT-1,37
ACAAATTCAGATCTGA-1,36
ACAACAGCATGAGCTA-1,47
ACAACGGTCCCTGCGA-1,49
ACAAGCAGTGCCTAGC-1,54
ACAAGGAAATCCGCCC-1,91
ACAAGGCCTACCAGCC-1,3
ACAAGGGCAGGCTCTG-1,36
ACAATAGTCGTACGTT-1,48
ACAATCCATTTAAACC-1,51
ACAATCGATCTTTATA-1,53
ACAATGAATACGGAGA-1,42
ACAATGATTCTTCTAC-1,12
ACAATTTAGGAGGCTC-1,56
ACAATTTGAGCAGTGG-1,36
ACACAAAGACGGGTGG-1,37
ACACACCAGGACCAGT-1,74
ACACACTTTCTACACG-1,40
ACACATGATCAAATCT-1,43
ACACCCAGCATGCAGC-1,39
ACACCCGAGAAATCCG-1,40
ACACCGGTCTGACCGC-1,36
ACACCTTAAGTAGGGC-1,40
ACACGAGACTCCTTCT-1,33
ACACGGCACTATGCAT-1,36
ACACGGGAACTTAGGG-1,40
ACACTCCAATGTCACT-1,49
ACAGAACTGAGAACAA-1,25
ACAGATTAGGTTAGTG-1,51
ACAGCATAGAGCCAGT-1,42
ACAGCGCACCCGCAGC-1,62
ACAGGCTTGCCCGACT-1,44
ACAGGTGGAGGTGAGG-1,24
ACAGTAATACAACTTG-1,45
ACATAAGTCGTGGTGA-1,47
ACATAATAAGGCGGTG-1,30
ACATCAGCTGGGACGC-1,72
ACATCCCGGCCATACG-1,25
ACATCCTGGTAACTGT-1,75
ACATCGATCGTTTACC-1,56
ACATCGGTCAGCCGCG-1,18
ACATCGTATGCAATGG-1,55
ACATCGTTAACCTAGT-1,53
ACATCTCAACGCGTAA-1,50
ACATGGCTCAATTTAG-1,17
ACATTAGTTTATATCC-1,38
ACATTCGCGCGGAATA-1,36
ACCAAACACCCAGCGA-1,29
ACCAAACTAGAAATCC-1,45
ACCAACACCACACACT-1,27
ACCAAGAACGCGTGTC-1,35
ACCAATATGCAAGTTA-1,31
ACCACAACTCAGAACA-1,41
ACCACAAGTTTCTATC-1,31
ACCACGTGCAGCTATA-1,44
ACCAGACCATAACAAC-1,41
ACCAGCCCGGTCTTTG-1,50
ACCAGGAGTGTGATCT-1,46
ACCAGTGCCCGGTCAA-1,47
ACCAGTGCGGGAGACG-1,31
ACCATATCCGCAATAA-1,45
ACCATCCGCCAACTAG-1,32
ACCATCGTATATGGTA-1,48
ACCCAACGCCCGTGGC-1,37
ACCCACCTACATGCTC-1,46
ACCCATCTTGAGGGTA-1,55
ACCCGAGCGAAATTAC-1,56
ACCCGATTGGTTCCGA-1,34
ACCCGGAAACTCCCAG-1,36
ACCCGGTTACACTTCC-1,34
ACCCGTGTCATCAGTA-1,110
ACCCTATAGGACTGAG-1,39
ACCCTATGCCATATCG-1,18
ACCCTCCCTTGCTATT-1,29
ACCCTGGTAACGCCCT-1,16
ACCCTTCATCTGCGAA-1,34
ACCCTTTAGTTCTCCA-1,38
ACCGAAAGGGCCCTGC-1,47
ACCGAAGAGTCTGGTT-1,37
ACCGACACATCTCCCA-1,42
ACCGACTGAGTCCCAC-1,39
ACCGATGGTAGCATCG-1,34
ACCGCAATAACTGCCT-1,21
ACCGGGCCTTTGTTGA-1,4
ACCGGTCAGGTACACC-1,35
ACCGGTCTGAGTACGG-1,31
ACCGTGACCACGTGGG-1,40
ACCGTTCCCGCTCTGA-1,29
ACCTAAGTACCTTTCA-1,11
ACCTAATCGACTTCCT-1,41
ACCTCGAACTTATGCT-1,41
ACCTGCGTGTCATGTT-1,39
ACCTTTCCTTTAGAAG-1,38
ACGAAATGGGCGGCAC-1,51
ACGACTGGTCATACTC-1,35
ACGAGAACCCATCACG-1,45
ACGAGATATTTGCTTA-1,56
ACGAGGATACCACTCT-1,49
ACGAGGTTTACAACGT-1,37
ACGAGTACGGATGCCC-1,31
ACGATACATAGAACTA-1,25
ACGATCATACATAGAG-1,35
ACGATGCATATGTTAT-1,75
ACGATGGATCCGATGC-1,38
ACGCAAACTAATAGAT-1,64
ACGCAATCACTACAGC-1,28
ACGCATTCGTGAGTAC-1,26
ACGCCAGATGATTTCT-1,38
ACGCCCAGCTGTCGAT-1,47
ACGCGAAGTCAGACGA-1,20
ACGCGCTACACAGGGT-1,14
ACGCGGGCCAAGGACA-1,29
ACGCTAGTGATACACT-1,27
ACGCTGTGAGGCGTAG-1,29
ACGCTTAGTGTCTCTC-1,38
ACGGAATTTAGCAAAT-1,19
ACGGACTCTCAAAGCG-1,43
ACGGAGCGCAAATTAC-1,57
ACGGATGGTGCGGATA-1,15
ACGGCACTTGCTTGGG-1,41
ACGGCCAACATGGACT-1,22
ACGGCGACGATGGGAA-1,104
ACGGCGGGTTGCCCTG-1,31
ACGGCTGGATGTAGAA-1,50
ACGGGAGTGTCGGCCC-1,72
ACGTACAGATTTCTCT-1,44
ACGTACTTTGGCACGG-1,53
ACGTAGATTGCTGATG-1,38
ACGTATTACTCCGATC-1,40
ACGTCCTAAACGAGAT-1,33
ACGTCTCGTTCCGGGA-1,39
ACGTGACAAAGTAAGT-1,33
ACGTGCGCCTCGTGCA-1,41
ACGTGGTCGAATGTGC-1,47
ACGTTAATGTCGAAGA-1,49
ACGTTAGATTTGCCCG-1,60
ACGTTATTGGTCACTC-1,50
ACGTTCCGCGCTCCGT-1,49
ACGTTCGTTCAGGAAA-1,26
ACGTTTAGTTGTGATC-1,42
ACTAATACGTCAGGCG-1,29
ACTACAAAGAGAGGTG-1,40
ACTACATCCCGACAAG-1,36
ACTACGCGTTAGAATT-1,17
ACTATATGCTGTGTTC-1,42
ACTATGTCCAGCTGCC-1,44
ACTATTCGTCCGTGGT-1,37
ACTATTTCCGGGCCCA-1,55
ACTCAACGAATGTATT-1,42
ACTCAATAAAGGCACG-1,32
ACTCAGACCTGCTTCT-1,46
ACTCATGGCAGCCTTC-1,44
ACTCCAATATCATCAT-1,46
ACTCCCATTCCTAAAG-1,50
ACTCCCGAATTCGTTT-1,8
ACTCCCTAATGCTAAA-1,54
ACTCCCTAGAATAGTA-1,37
ACTCGATGTATTTCAT-1,22
ACTCGTAACCCGTCCT-1,21
ACTCGTCAGTAATCCC-1,25
ACTCTCTGACTTAGGT-1,14
ACTCTCTTATACACGA-1,55
ACTCTTGTATAGTAAC-1,52
ACTGAATGGCGAAAGT-1,77
ACTGATTTAGTGATTC-1,40
ACTGCCCGCCATTCTC-1,38
ACTGCCGTCGTAACTC-1,31
ACTGCTCGGAAGGATG-1,41
ACTGTACGATACACAT-1,37
ACTGTAGCACTTTGGA-1,35
ACTGTATACGCGAGCA-1,46
ACTGTCCAGGATTATA-1,34
ACTGTCTTCTTTAGAA-1,36
ACTGTGCTAGTAGATC-1,9
ACTGTTTAGTGTAGGC-1,56
ACTTACCGGGCGCGCA-1,35
ACTTACGCATCCACGC-1,53
ACTTAGTACGACAAGA-1,18
ACTTATACTTACCCGG-1,7
ACTTATCTGATCTATA-1,34
ACTTATTAGGATCGGT-1,60
ACTTATTTATGTGCCA-1,54
ACTTCAGGCTGATCCC-1,35
ACTTCCAGTGGAAGCT-1,26
ACTTCGCCATACGCAC-1,31
ACTTGACTCCCTCTTT-1,27
ACTTGCCATATTGTAC-1,62
ACTTGGGACCCGGTGG-1,25
ACTTGTAGTCCCTTCA-1,30
ACTTTCCTATAGCTTC-1,31
ACTTTGACTGCATCCT-1,75
ACTTTGGTCGTGCTCC-1,33
AGAACCCTCAATTGGG-1,37
AGAACGTGGTACATTC-1,32
AGAAGAGCGCCGTTCC-1,30
AGAAGGTACACTTCAC-1,41
AGAAGGTTGCCGAATT-1,36
AGAAGTGATTCGTGAT-1,11
AGAATAAATCTTCAGG-1,69
AGAATGCGGGTTCGGA-1,43
AGAATTATGGATTCGA-1,17
AGAATTGTTTGACATA-1,42
AGACAGCTCAGAATCC-1,50
AGACATAGATCCTTCC-1,43
AGACCAAACCACACCT-1,45
AGACCATGGGATACAA-1,38
AGACCCACCGCTGATC-1,27
AGACCCGCCCTCCTCG-1,34
AGACCGGGAAACCCTG-1,61
AGACGAAGTGCCGGTC-1,26
AGACGACGATGCCGCT-1,1
AGACGGGATTGGTATA-1,49
AGACGGGCCGATTTAA-1,42
AGACTAGCCTTCCAGA-1,18
AGACTGTTACCGGGTC-1,80
AGAGAAACACCAGAAA-1,35
AGAGAACCGTCTAGGA-1,40
AGAGAAGGAGTACAAT-1,31
AGAGATCTCTAAAGCG-1,48
AGAGCAGTTATGAGAC-1,7
AGAGCGGGCTAATCAT-1,45
AGAGCGTACAAGCTCG-1,42
AGAGCTACGAAAGCAT-1,26
AGAGGTATCTCGGTCC-1,55
AGAGTTAGAGACCGAT-1,19
AGATAACTTCAGGGCC-1,40
AGATACCGGTGTTCAC-1,20
AGATACGACTTCATAT-1,61
AGATACTCAAGATCGA-1,36
AGATATAATACGACTA-1,1
AGATCGTGCATAAGAT-1,39
AGATCTCAGGTGTGAT-1,39
AGATGACTCGCCCACG-1,15
AGATGAGGGTTGCGAT-1,30
AGATGCAAGACGTGCA-1,37
AGATGCATCCTGTGTC-1,50
AGATTATAGGACGTTT-1,34
AGATTCACAACCGATA-1,46
AGCAAAGGCCGCTAGT-1,24
AGCAACATATCTTATT-1,25
AGCAACCGAAAGTAAT-1,27
AGCACACGTTTAGACT-1,21
AGCACCAGTACTCACG-1,27
AGCACTACCGGCCTGT-1,51
AGCACTACCTCACCAG-1,30
AGCAGAAGGAGAAAGA-1,52
AGCAGCCAGATGAATA-1,34
AGCATCATTTCGAAAG-1,52
AGCATCGTCGATAATT-1,45
AGCCAAGCTTTGTGTC-1,67
AGCCACTCCCGTGCTT-1,59
AGCCCATACATGTAAG-1,77
AGCCCGGCATTAGAGG-1,38
AGCCCTAAGCGAAGTT-1,41
AGCCCTCCCTGGTGGC-1,50
AGCCCTTCTAATCCGA-1,33
AGCCGTGGCTAAATGT-1,27
AGCCTAATACCCACGT-1,46
AGCCTTAAAGCGGAAG-1,59
AGCGACAGGAACGGTC-1,13
AGCGACATCCCATTCA-1,47
AGCGACCAACGATATT-1,33
AGCGAGACGTGAAGGC-1,41
AGCGCATAATGAATCG-1,42
AGCGCGGGTGCCAATG-1,40
AGCGCTTATGGGCAAG-1,42
AGCGGACACTTCGTAG-1,60
AGCGGCGGTTAGCGGT-1,38
AGCGGGAAGGGTCCAT-1,43
AGCGGGTCTGACACTC-1,17
AGCGGTTGAGATGTAC-1,118
AGCGTACGAGAGCTAG-1,66
AGCGTAGCGCTAGACC-1,36
AGCGTCTGAACCCGCA-1,41
AGCGTGGTATTCTACT-1,41
AGCGTTCCGATTTAAA-1,73
AGCTAACAAGCAATGT-1,49
AGCTAGAAGCAGAAGT-1,39
AGCTATTTAATCCAAC-1,43
AGCTCCTTCGCACATC-1,49
AGCTCTAGACGTTCCA-1,40
AGCTCTTCCCAGTGCA-1,30
AGCTCTTTACTCAGTT-1,60
AGCTGAAGTAAACCAA-1,33
AGCTGTAACCTCAATC-1,17
AGCTTATAGAGACCTG-1,49
AGCTTCAATACTTTGA-1,56
AGCTTGATCTTAACTT-1,58
AGGAAGCTGTCCGCCG-1,46
AGGACAGTCGAATCCC-1,38
AGGACATCGCACGTCG-1,36
AGGACGACCCATTAGA-1,31
AGGACGCTCGATGTTG-1,33
AGGATAAAGTCGGGAT-1,27
AGGATATAGGGATTTA-1,26
AGGATCACGCGATCTG-1,57
AGGCAAAGAGGAATCA-1,29
AGGCAGATGCGTAAAC-1,31
AGGCCCAGTGACTGGT-1,28
AGGCCCATTGTACAGG-1,42
AGGCCCTAGAACGCCA-1,86
AGGCGGTTTGTCCCGC-1,40
AGGCGTCTATGGACGG-1,36
AGGCTATGGTTAGCTT-1,41
AGGCTTCCCGAAGAAG-1,12
AGGCTTGCTAGACACC-1,38
AGGGAAACGAGGTACT-1,30
AGGGACAGCACGGCGG-1,37
AGGGACTCTACGCGAC-1,27
AGGGCAGCGGCGTGGT-1,31
AGGGCGAGCAGCTGAT-1,51
AGGGCGTGATCGGCTA-1,40
AGGGCTGCAGTTACAG-1,27
AGGGTCAGAGCACTCG-1,44
AGGGTCAGTAACCCTA-1,31
AGGGTCGATGCGAACT-1,7
AGGGTGCCGTTCTTTA-1,37
AGGGTGCTCTCGAGGG-1,29
AGGGTGGATAGTGCAT-1,65
AGGGTTCCCTTTGGTT-1,31
AGGGTTTAGTTCGGGA-1,29
AGGTAACCTCCTATTC-1,35
AGGTACGATATTGCCA-1,43
AGGTAGATCGAGATAT-1,47
AGGTAGGTACAAAGCT-1,16
AGGTCAGGTGAGAGTG-1,51
AGGTCGCCACTTCGGT-1,51
AGGTCGCGGAGTTACT-1,25
AGGTGTATCGCCATGA-1,53
AGGTTCTCCTTTCCGG-1,20
AGGTTGAGGCACGCTT-1,28
AGGTTTCACACACCTT-1,37
AGTAACGTTCATCCTG-1,31
AGTAATGTCTTGCCGC-1,38
AGTACATCATTTATCA-1,11
AGTACCTTCGAGTGCT-1,30
AGTACGGCCCGTATCG-1,70
AGTACGGGCACCTGGC-1,14
AGTACGTGGCCTGTCT-1,61
AGTAGCGTGAACGAAC-1,50
AGTAGCTAGACGCCGA-1,55
AGTAGGAAGGAAGTTG-1,26
AGTAGGTAACATACAT-1,41
AGTATAATACTAGGCA-1,44
AGTATCCATAATAACG-1,34
AGTATGCTGGAGACCA-1,47
AGTCAAATGATGTGAT-1,77
AGTCAACACCACCATC-1,41
AGTCAAGATGACACTT-1,33
AGTCACTCCGCCTCAT-1,25
AGTCCAGCGGGTACGT-1,43
AGTCCATTGGCTGATG-1,13
AGTCCCGCCTTTAATT-1,33
AGTCGACGGTCTCAAG-1,32
AGTCGGCTCAACTTTA-1,19
AGTCGTGGGCATTACG-1,11
AGTCTCACAAGACTAC-1,1
AGTCTGGACATCCTTG-1,54
AGTCTTCTCCTCAAAT-1,34
AGTGAACAAACTTCTC-1,66
AGTGACCTACTTTACG-1,40
AGTGACTGTGACACAA-1,57
AGTGAGACTTCCAGTA-1,17
AGTGAGCCTCGCCGCC-1,34
AGTGAGGGTTTCTGAC-1,64
AGTGATATGAGTAGTT-1,37
AGTGATTCAAGCAGGA-1,13
AGTGCGTAGCTCGTAA-1,28
AGTGCTTGCACGAATA-1,54
AGTGGCGGCAATTTGA-1,30
AGTGGCTCCGTCGGCC-1,41
AGTGGTGTTACCCGTG-1,41
AGTGGTTGCGTATAGG-1,46
AGTGTATTGCGCATTG-1,37
AGTGTGGTCTATTGTG-1,21
AGTTAAACACTTGCGA-1,40
AGTTAAGCGGTCCCGG-1,36
AGTTAAGTCAACCGCT-1,51
AGTTACCCTTAAGACT-1,31
AGTTACCGCACATGGT-1,75
AGTTACTCTATCGTGG-1,32
AGTTATTGAAAGGTAA-1,42
AGTTCCTACAGAATTA-1,26
AGTTCCTATTTATGTT-1,58
AGTTCTGCGTTGTATC-1,45
AGTTGACATCGGCTGG-1,54
AGTTGACGGTCCTTGC-1,50
AGTTGCTGACTGATAT-1,37
AGTTTCGCAGGTCGGA-1,26
AGTTTGCACCTGCCTC-1,37
AGTTTGGCCAGACCTA-1,16
ATAAACCATTGGACGG-1,39
ATAAACGGACCCGTAA-1,44
ATAAAGGCTCGGTCGT-1,32
ATAAAGGTCAAGTACG-1,52
ATAAATATTAGCAGCT-1,21
ATAACGCCGGAGGGTC-1,36
ATAACGGAGTCCAACG-1,23
ATAACGTTACCTCCAC-1,26
ATAAGGTGGAGAACAT-1,80
ATAAGTACCCGATTGT-1,21
ATAAGTAGGATTCAGA-1,39
ATAAGTTACCGCGACG-1,33
ATAATACCGTTAGCCG-1,52
ATAATAGCTGTTGAAT-1,31
ATAATAGTGTAGGGAC-1,76
ATAATTAGCTAAGTAG-1,61
ATACAGGCCCTCCAAT-1,65
ATACCACGGGCAACTT-1,28
ATACCAGCAAATTGCT-1,42
ATACCAGGCTAATAGA-1,35
ATACCAGGTGAGCGAT-1,49
ATACCGTCATCCATAA-1,43
ATACCTAACCAAGAAA-1,45
ATACGCCGATCTACCG-1,32
ATACGCCGGCGAAACC-1,37
ATACGGAACGTCGTTT-1,18
ATACGGGTTTCGATTG-1,37
ATACGGTGAAGATGCA-1,53
ATACGTACTTAGCCAC-1,133
ATACGTCCACTCCTGT-1,52
ATACGTTATGCACGGA-1,77
ATACTAGCATGACCCT-1,22
ATACTCTCGCCACTCT-1,65
ATACTTGTTCTCGAGC-1,58
ATAGACAACGGGACCT-1,22
ATAGACGAAGAGAAAG-1,54
ATAGAGTACTGGGACA-1,46
ATAGAGTTATCAACTT-1,29
ATAGATTTGCAGTCGG-1,37
ATAGCCTCAGTACCCA-1,57
ATAGCTGCTCTTGTTA-1,18
ATAGGAATCTAAGCTT-1,54
ATAGGCGGCTATAGAA-1,28
ATAGGCTAGCTTCGCA-1,40
ATAGGGATATCCTTGA-1,43
ATAGGTTGGGCAGATG-1,37
ATAGTCTTTGACGTGC-1,49
ATAGTGAAGCGTTCTC-1,43
ATAGTTCCACCCACTC-1,1
ATATAAAGCGCTCGTG-1,60
ATATAAATGTAGCTGC-1,39
ATATAGAGTATTGGTC-1,35
ATATCAATTCCAGCCT-1,36
ATATCGTGCCAGACCC-1,44
ATATCTCCCTCGTTAA-1,30
ATATCTTAGGGCCTTC-1,25
ATATGTCTCCCTAGCC-1,1
ATATTCAGTTAAACCT-1,17
ATATTCCACATAGTGA-1,30
ATATTCCCACAGGTCA-1,47
ATATTGCTGTCAAAGT-1,62
ATATTTAACCCTCAAG-1,32
ATCAAACGAAGGTTTG-1,32
ATCAATCTGGGCTGCA-1,31
ATCAATGCCGTGGCTG-1,40
ATCACATTAGAATATC-1,25
ATCACGTGCTAATTAA-1,28
ATCACTTCATCCTCGC-1,31
ATCAGACGGCACGCCG-1,40
ATCAGCTCGTCCACTA-1,57
ATCAGGTCGCCATTGC-1,36
ATCAGTAGGCAGGGAT-1,38
ATCATCCAATATTTGT-1,41
ATCATCTGCCCAGTGT-1,60
ATCCAACGCAGTCATA-1,45
ATCCAATGGAGGGTCC-1,81
ATCCAATGGTACCGAA-1,62
ATCCACATCGACAGAA-1,79
ATCCACGCTAAATGTT-1,58
ATCCAGAGCAACAACC-1,18
ATCCAGGATTCGTGAA-1,42
ATCCCATCCACAGCGC-1,36
ATCCTACCTAAGCTCT-1,33
ATCCTGAATCGCTGCG-1,38
ATCCTGCGTGGAATGG-1,25
ATCCTGCTGCAGATAG-1,43
ATCGACCCAATACAGA-1,60
ATCGACTCTTTCCGTT-1,44
ATCGCACGATTGTTCA-1,25
ATCGCACGCCGGGAGA-1,27
ATCGCTGCGTGCAGCA-1,9
ATCGGAGACAGACGGC-1,22
ATCGGCAAGCAGTCCA-1,27
ATCGGTTACCTAGTAA-1,55
ATCGTGGAAAGTCTGG-1,59
ATCGTTCACTTTCGCC-1,39
ATCTAATATCCTACGG-1,37
ATCTCCCTGCAATCTA-1,37
ATCTGACATGGAAGGA-1,67
ATCTGATAGTGTCTTA-1,39
ATCTGCACCTCTGCGA-1,28
ATCTGCTGTTATCGCC-1,53
ATCTGGGCTGTTCTTG-1,69
ATCTGGTTAAGACTGT-1,34
ATCTGTAATTGTACCC-1,39
ATCTTAGGGCATTAAT-1,26
ATCTTGACCTGCAACG-1,60
ATCTTGACTTGTCCAA-1,3
ATGAAGCCAAGGAGCC-1,47
ATGACGCCGGCTCTAA-1,38
ATGACGCGTTCTATCC-1,7
ATGACTATCAGCTGTG-1,84
ATGACTATGCGACATT-1,28
ATGAGGAGTGTTAATC-1,41
ATGATCGGGAATAGAC-1,25
ATGATGCAATGGTACA-1,37
ATGCACGCGCTGTTCA-1,45
ATGCACTACCGCATTG-1,84
ATGCATGATCCAGGAT-1,34
ATGCATTCCGTGATGG-1,44
ATGCCAATCGCTCTGC-1,24
ATGCCATTTGCGACCA-1,57
ATGCCGGTCTTGCATA-1,40
ATGCCGGTTGATGGGA-1,36
ATGCGACAATTGGTCC-1,39
ATGCGACAGTCCCATT-1,52
ATGCTCAGTGTTGCAT-1,56
ATGCTCTGGCGCGGTA-1,80
ATGGAAATTTAAGGAG-1,52
ATGGAGCAGGCCGTGA-1,56
ATGGATCCGGCGTCCG-1,27
ATGGATTGACCAAACG-1,38
ATGGCAGCATTACGAT-1,38
ATGGCAGCCGAGAAAC-1,46
ATGGCTGGAAATGGCC-1,47
ATGGGAACGGAAGCGG-1,41
ATGGGACCTGCTGAAC-1,56
ATGGGCCTCGGCCTCT-1,73
ATGGGTGTATACCTCC-1,55
ATGGTATTTACTGATT-1,12
ATGGTCGCGTGGTTTC-1,43
ATGGTGCTCAAAGCCA-1,59
ATGTACGATGACGTCG-1,38
ATGTGAAAGCCTAATG-1,26
ATGTGCATCCGACGCA-1,35
ATGTGGACATCTTGAT-1,50
ATGTGTAGTTTAGTCA-1,50
ATGTTCGTCGACCCAC-1,48
ATGTTGTAGTCTGTTT-1,57
ATTAAACATGCGGACC-1,38
ATTAATACTACGCGGG-1,34
ATTAATGAACCAGTCG-1,35
ATTAATTCGGTCACTC-1,37
ATTACAACTACCGGCC-1,53
ATTACGCGCTGGCAGG-1,20
ATTACTAGCCTCTTGC-1,45
ATTACTTACTGGGCAT-1,24
ATTAGATTCCTCAGCA-1,25
ATTAGATTGATAGCGG-1,48
ATTAGGCGATGCTTTC-1,48
ATTATACTTTGCTCGT-1,28
ATTATCGGAATGTACG-1,30
ATTATCTCGACAGATC-1,46
ATTATGAGACCCAATT-1,49
ATTATGCCATAGGGAG-1,45
ATTATTATGTCCGTCA-1,25
ATTCACTGATGTTGGA-1,45
ATTCAGATGAATCCCT-1,1
ATTCAGGACCTATTTC-1,30
ATTCAGGATCGCCTCT-1,51
ATTCAGTAGCAGGGTC-1,51
ATTCATATACTGTCCA-1,45
ATTCCCACATAAACAA-1,55
ATTCCTAAGACGTGGA-1,36
ATTCCTCCGCCAGTGC-1,65
ATTCCTTCCAGGCGGT-1,78
ATTCGACGCCGGGCCT-1,47
ATTCTCGTCTCTTTAG-1,52
ATTCTGAGTATGAACT-1,62
ATTCTTCGTACTTATG-1,93
ATTGAAGATCTTAGTG-1,23
ATTGACCGGCGATGAC-1,18
ATTGACGTAACTCGGT-1,28
ATTGATAGCAACGAGA-1,64
ATTGATCACCACATTT-1,52
ATTGATGAGTCCTAAC-1,15
ATTGCCTATTAGACCG-1,52
ATTGCTGCTCCTCCAT-1,39
ATTGGGAATATCTTGG-1,54
ATTGGGAGTTCTGTAA-1,1
ATTGTACAACTCGGCT-1,1
ATTGTCGCAATACCTT-1,37
ATTGTCTGTTTCATGT-1,23
ATTGTGACTTCGCTGC-1,41
ATTTAACTCGTATTAC-1,45
ATTTCATTATTTCGCG-1,38
ATTTCCGGGTTCTGCG-1,22
ATTTGCCTAGTTACGA-1,39
ATTTGCGCGAGTAGCT-1,5
ATTTGTCTTGGGAGCT-1,25
ATTTGTTCCAGGGCTC-1,42
CAAACGAGTATCGCAG-1,19
CAAACGGTCGCACTTT-1,66
CAAACGTGGTCTTGCG-1,35
CAAACTACGATAGAGA-1,73
CAAACTATTGAGCTTC-1,43
CAAAGATTATTGGGCC-1,24
CAAATCTCTCACAAGG-1,34
CAAATGCGGAGTGTTC-1,51
CAAATGTCCTTCCGTG-1,36
CAAATTGGATTATGCC-1,20
CAAATTGTCAGCAAGC-1,44
CAACAGAATAACGCTA-1,77
CAACAGTGCCAAACGG-1,50
CAACGACCCGTTTACA-1,44
CAACGGTTCTTGATAC-1,37
CAACTATATCGAATGC-1,39
CAACTCCAACGTTTAG-1,60
CAACTCCTTGATCCCG-1,32
CAACTGCTCATCCGAT-1,31
CAACTTGTAGTGGGCA-1,49
CAAGAGGGCGGAGTAC-1,26
CAAGATATTATAACGT-1,97
CAAGCAACGTCGGAGT-1,67
CAAGCACCAAATGCCT-1,37
CAAGCGGCACATAATT-1,21
CAAGGATCGCATGTTC-1,46
CAAGGTCCTATAGGCT-1,1
CAAGTGAACTTTGGTT-1,59
CAAGTGTGGTTGCAAA-1,3
CAATAAACCTTGGCCC-1,23
CAATACGCTCTGAGGC-1,79
CAATATGTAGATTTAC-1,36
CAATATTCTTGACCTA-1,21
CAATATTGGACTAGTG-1,43
CAATCCCTATACCAGC-1,41
CAATCCTGCCGTGGAG-1,37
CAATGCGAGAAGTATC-1,33
CAATGGAATCTACATA-1,38
CAATGGATCTCTACCA-1,46
CAATGGTCGGCCTGGG-1,66
CAATTAAGGGTGATGA-1,33
CAATTGGGCCGCACTC-1,39
CAATTTCGTATAAGGG-1,35
CACAAGAAAGATATTA-1,32
CACAAGCTAAGAAAGG-1,39
CACAATGAGCTGCTAT-1,47
CACACAGGGATAGATT-1,36
CACACGCGCTGTCTTA-1,16
CACACGTTTCAATGGG-1,41
CACAGAGACGAGGACG-1,38
CACAGCACCCACGGCA-1,38
CACAGCTAGGGAGTGA-1,21
CACAGGGCCGTTGTCA-1,70
CACATAAGGCGACCGT-1,50
CACATATTAGCAGGAT-1,47
CACATCGTGCACGCGC-1,31
CACATCTCACCGACGA-1,59
CACATGATTCAGCAAC-1,40
CACATGTTTGGACATG-1,39
CACATTCTTTCGATGG-1,39
CACCAATCATCCGTCT-1,47
CACCACGCCACACAGA-1,48
CACCAGTCAGCATGCA-1,56
CACCATCGGAGGAGAC-1,41
CACCATGATCGCAAAG-1,26
CACCCACACGTCACCC-1,50
CACCCACGAGGCAATT-1,41
CACCCGGTTTGTGACT-1,27
CACCCTAACAAGATCT-1,19
CACCCTTGGTGAGACC-1,48
CACCCTTTCCTCGCTC-1,37
CACCGATACACCGAGC-1,38
CACCGCCAGAAGGTTT-1,42
CACCGCCGACCAGCGA-1,48
CACCGCGTCCACTCTA-1,39
CACCGGAGATATCTCC-1,40
CACCGGTAGAGACATT-1,44
CACCGTTAGGGATCAC-1,10
CACCGTTGCGCGATAT-1,11
CACCTAATAGAGTCGT-1,16
CACCTAATCAGTTTAC-1,42
CACCTCGATGGTGGAC-1,34
CACCTTGCGAAACTCG-1,43
CACCTTGGCGCCTTTG-1,57
CACGAAAGTTAGTCCC-1,49
CACGACCACAGACTTT-1,5
CACGACGTAATAGTAA-1,31
CACGACTAAAGTTCTG-1,51
CACGATTGGTCGTTAA-1,31
CACGCACAGCGCAGCT-1,23
CACGCAGCGAGGCTTT-1,51
CACGCGGAACTGTTGC-1,32
CACGGCGCGCCAAAGG-1,32
CACGGGATTGAGGGTT-1,60
CACGTCGGCAACCTCT-1,16
CACGTCTATGATGTGG-1,40
CACGTTCGTGCTCTAG-1,41
CACTAAAGTTGCCTAT-1,30
CACTACTCAGTTCTGT-1,48
CACTCAAGAGCTATGG-1,45
CACTCAGCTCTTGAGG-1,37
CACTCCTATGTAAGAT-1,29
CACTCCTCTCGGTCGG-1,37
CACTCGAGCTGAACAA-1,24
CACTCGGTTAGGAGGA-1,52
CACTCTCAAGCATCGA-1,46
CACTGTCCAAGTGAGA-1,59
CACTTAATCAGACGGA-1,38
CACTTCGCCACAGGCT-1,46
CACTTCGTCTTATCTC-1,36
CAGAACTTAGCCCTCT-1,55
CAGACACCGATCGCTG-1,18
CAGACCTGTAAGTGTT-1,13
CAGACGAACCTGATAC-1,18
CAGAGACGGTCACCCA-1,24
CAGAGCATGAGCTTGC-1,37
CAGAGGCGATGCATGA-1,30
CAGAGTGATTTAACGT-1,57
CAGATACTAACATAGT-1,104
CAGATATGAAGATGAC-1,28
CAGATCATTTAAAGTC-1,23
CAGATCCTGGTTTGAA-1,43
CAGCAGCCCGTTCCTT-1,29
CAGCAGTCTGTGCTGC-1,9
CAGCCCTCACAGGCAG-1,49
CAGCCGGGCCCTCTAT-1,54
CAGCCTCCTGCAGAGG-1,21
CAGCCTCTCCTCAAGA-1,27
CAGCGATTCCCTTCAA-1,38
CAGCTCACTGAGACAT-1,39
CAGCTCGACAAGTTAA-1,25
CAGCTCGTGCTTGTGT-1,39
CAGCTGGCGTAACCGT-1,35
CAGCTTAGTAGGTAGC-1,48
CAGGAAGACTTTATAT-1,63
CAGGATATATCGTTGT-1,51
CAGGATCCGCCCGACC-1,30
CAGGCCAGTACCACCT-1,29
CAGGCCGTTTGGGTGT-1,50
CAGGCGCACGGTGGTC-1,18
CAGGCGCCATGCTAGG-1,50
CAGTAACTATTTATTG-1,48
CAGTAATCCCTCCCAG-1,30
CAGTACATTCTCTAAA-1,40
CAGTACCAGTTTACGT-1,28
CAGTAGCCCACGCGGT-1,16
CAGTAGCGAGGTAGTA-1,26
CAGTCGAGGATGCAAT-1,29
CAGTCGGCCTAGATAT-1,40
CAGTCTCTCGGCTAAT-1,36
CAGTCTGTATACTGGG-1,37
CAGTGAATAAATGACT-1,26
CAGTGGTTGCACATGA-1,46
CAGTGTCCGCAGAATG-1,47
CAGTGTTAATCTCTCA-1,36
CAGTTCAAATTGACAC-1,29
CAGTTCCGCGGGTCGA-1,43
CATAACGGACAGTCGT-1,43
CATAAGAAGCTTGGCT-1,101
CATAAGCTCTCCGTCT-1,42
CATAATGAGCGGGCGA-1,43
CATACAAAGCCGAACC-1,52
CATACCCGTACCCAGT-1,50
CATACGAACTAGCTGG-1,49
CATACGGCGTCTGGGC-1,45
CATACGGGTGCATGAT-1,24
CATACTATGTAATTGT-1,53
CATAGCCGCCCGGGAT-1,6
CATAGCGTTGCCCACC-1,108
CATAGTACATTGAGAG-1,36
CATAGTAGCATAGTAG-1,45
CATAGTCCACAAGAAC-1,18
CATATACTACTGATAA-1,28
CATATAGGTACAGTCA-1,42
CATATGTCAGGCTACG-1,52
CATATTATTTGCCCTA-1,50
CATCAAACTGGCGCCC-1,7
CATCATCTACCCGGAC-1,37
CATCCAATATAGTTTG-1,38
CATCCGCAGGCCCGAA-1,52
CATCGAATGGATCTCT-1,34
CATCGCCCGCGGCCAA-1,40
CATCGGACGGGTTAAT-1,34
CATCGTCCGGTTACTA-1,47
CATCTATCCCGTGTCT-1,42
CATCTGCAGGATCATT-1,44
CATCTTACACCACCTC-1,1
CATGAACCGACATTTG-1,48
CATGAACCTCTTATCA-1,53
CATGAGATGCACTCTC-1,29
CATGATGCACAATTCT-1,46
CATGATGGAAGTTAGC-1,1
CATGCACATGAGAGGC-1,31
CATGCACGTGTTACTG-1,44
CATGCATGGAGACCCT-1,48
CATGCCAACTCGCAAA-1,54
CATGCGACCAGTTTAA-1,29
CATGCGTTAGACAGAA-1,60
CATGCTGGCTCCAATT-1,49
CATGGAAATGGGACCA-1,44
CATGGCAGGAAGATCG-1,48
CATGGGTATGCCTTAT-1,67
CATGGGTCGGGTGTGG-1,29
CATGGTAAGTAGCGTT-1,40
CATGGTATTAGTTTGT-1,44
CATGGTCTAGATACCG-1,40
CATGTAGGAGCGCCAA-1,43
CATGTCTCATTTATGG-1,22
CATTACATAGATTGTG-1,7
CATTACGTCGGCCCGT-1,27
CATTATAACAGGGTCC-1,59
CATTATCCCATTAACG-1,53
CATTATGCTTGTTGTG-1,28
CATTCACTGACAGCTA-1,45
CATTCAGGTCAGTGCG-1,54
CATTCCCTAAGTACAA-1,48
CATTGCAAAGCATAAT-1,59
CATTGCGAAATGGGCG-1,64
CATTGCGGGTCAATTC-1,1
CATTGTGTGCTAGATC-1,32
CATTTAGCGGACCATG-1,34
CATTTATCGTTCAAGA-1,32
CATTTCTAGCAGACTA-1,13
CATTTGAGTGGTACGT-1,28
CCAAACAGAACCCTCG-1,44
CCAAAGTCCCGCTAAC-1,39
CCAAATCAAAGGGCAA-1,46
CCAACCTTATGTAACT-1,45
CCAACGCTTGCCAGGG-1,28
CCAAGAAAGTGGGCGA-1,19
CCAAGACTTCTGCGAA-1,21
CCAAGCGTAACTCGTA-1,47
CCAAGGAACAGAGAGG-1,44
CCAATAGTGCCGTCGA-1,56
CCAATCGGTAGATCGA-1,39
CCAATGTCACAGCAAG-1,65
CCAATTACGGGTCGAG-1,29
CCAATTGAATGTTAAT-1,49
CCACAATGTACGTCTT-1,43
CCACACTGAGATATTA-1,46
CCACAGCTGAAATCAT-1,11
CCACAGTACCCATCCT-1,53
CCACATGGCTCTTTAT-1,40
CCACCAACTTTACTGT-1,65
CCACCCAAGGAAAGTG-1,50
CCACGAGAAGAGAATC-1,48
CCACGGAGCCATAAGA-1,27
CCACGGCAGGTGTAGG-1,36
CCACTAAACTGAATCG-1,31
CCACTGGTGGCTGGTT-1,44
CCAGAAAGCAACTCAT-1,5
CCAGAGACAAAGCCGG-1,37
CCAGATAGTTGAGTGA-1,41
CCAGCCTGGACCAATA-1,39
CCAGCTACGCCTCATA-1,46
CCAGCTCGAACGCATT-1,66
CCAGCTGATGGTACTT-1,49
CCAGCTTCCGCCCGCA-1,44
CCAGGGACGTGGCCTC-1,29
CCAGTAGTCTGATCCA-1,26
CCAGTCAAATCTCTTA-1,54
CCAGTCCATTATTCGA-1,54
CCAGTCTAGACGGCGC-1,38
CCAGTCTTGTCATAGA-1,61
CCATAAACAACCCGAC-1,44
CCATAACCTGTGCAGT-1,38
CCATACCTTTACTTGT-1,19
CCATAGAGGCTGCCAG-1,33
CCATAGGTTGGCGTGG-1,41
CCATAGTCAGTAACCC-1,51
CCATCCATACCAAGTC-1,42
CCATCGCAGTTAAACT-1,31
CCATCTCACCAGTGAA-1,22
CCATCTTGTTCACAAT-1,39
CCATGCCTGTTTAGTA-1,29
CCATGCTCTGCAGGAA-1,54
CCATGGCCCTTGTACC-1,53
CCATGTTCATCTATAT-1,43
CCATTAGCGATAATCC-1,39
CCATTCCCTGCCCACA-1,47
CCATTTCTACCTATTA-1,46
CCCAAACATGCTGCTC-1,12
CCCAACATACGTCGCG-1,9
CCCAACCACACTAACA-1,34
CCCAAGAATGCACGGT-1,47
CCCAAGACAGAGTATG-1,46
CCCAATGAGATTTGCA-1,46
CCCAATTTCACAACTT-1,19
CCCACTCCACGGTATC-1,56
CCCAGAGGAGGGCGTA-1,32
CCCAGTAAACTTGGGA-1,47
CCCAGTTAAGGCGCCG-1,25
CCCGAAGTTTCGCGAA-1,28
CCCGACCATAGTCCGC-1,22
CCCGCAGCGCGAACTA-1,21
CCCGCAGGGCCCAAAG-1,64
CCCGCCATGCTCCCGT-1,65
CCCGCGCAATGCACCC-1,37
CCCGCTAGAGGGTTAA-1,45
CCCGCTTGCCCTCGTC-1,45
CCCGGGTCGTTCAGGG-1,64
CCCGGTGGAAGAACCT-1,16
CCCGGTGTATCGGAAT-1,50
CCCGTAAGTCTAGGCC-1,84
CCCGTAGCTGGGAAGA-1,24
CCCGTCAGCGTCTGAC-1,42
CCCGTGAGGGCGGTGA-1,42
CCCTAGGCAACAAGAG-1,57
CCCTAGTGTCAGGTGT-1,30
CCCTATGTAGAGCAGA-1,55
CCCTCAGATCGAGAAC-1,40
CCCTCATTCTGGAATT-1,70
CCCTCGATAATACACA-1,43
CCCTCGGGAGCCTTGT-1,55
CCCTGAAATGAGTTGA-1,61
CCCTGACTAACAAATT-1,51
CCCTGATGTAACTCGT-1,42
CCCTGCCCAATCCGCT-1,64
CCCTGCGCTACGCATA-1,39
CCCTGGCTGTTCCTTC-1,45
CCCTGGTATGGGCGGC-1,45
CCCTTCTCGTACGCGA-1,38
CCCTTTGACAGGTCTT-1,14
CCGAAAGTGGTGAGCA-1,1
CCGAACACTGGGCCTC-1,37
CCGAACCTTCCCGGCC-1,37
CCGAAGCATTGACCAA-1,37
CCGAAGTATATTGTTC-1,18
CCGACAAACACATGAG-1,55
CCGACAAAGGGAGTGC-1,48
CCGACGGGCATGAGGT-1,30
CCGACGTAAACACAAC-1,25
CCGACTCGCATAGTCT-1,48
CCGAGCTGTGCTTGTC-1,41
CCGAGGGATGTTAGGC-1,32
CCGATTCGAGGGACCC-1,47
CCGATTGGTCAATGAA-1,40
CCGCACAAAGACCAAC-1,35
CCGCACGTGACCTCGG-1,50
CCGCATGTGGTACGAT-1,59
CCGCCACCACAATCCA-1,37
CCGCCGGAACTTCTCG-1,35
CCGCCGGTCAACACAC-1,37
CCGCCTGCGAATTGGT-1,28
CCGCCTTGCGATGTCG-1,44
CCGCGATTTGGTAGGT-1,72
CCGCGGAATGCGTCAC-1,57
CCGCGGGTACGAAGAA-1,45
CCGCGTAGGTAAGGGC-1,47
CCGCTATCAGCACCAG-1,53
CCGCTGGTGCCATTCA-1,40
CCGCTTACCTCACTCT-1,24
CCGCTTCGCGGTTAAC-1,39
CCGCTTGCTGACATGG-1,7
CCGGAATGGTTTCAGT-1,39
CCGGAGCGTACTTTCT-1,97
CCGGCGCATATTGGAT-1,41
CCGGCGTGAGACTCTG-1,36
CCGGGACCCGCAGAGA-1,46
CCGGGCGGTCTCGTCA-1,34
CCGGGCTAAGAATTTC-1,53
CCGGGCTGCTCCATAC-1,23
CCGGGTTCGAGGTTAC-1,18
CCGGTTTGTAATTGTG-1,60
CCGTAAGTTGGTCCCA-1,29
CCGTACCCAAGCGCCA-1,62
CCGTATCTCGTCGTAG-1,41
CCGTATTAGCGCAGTT-1,42
CCGTCAACCTCTGGCG-1,39
CCGTGCCCATGACGGC-1,44
CCGTGGAACGATCCAA-1,25
CCGTGTTAAATTCCAT-1,16
CCGTTACGTTAGAACA-1,41
CCGTTCCGAATCTCGG-1,50
CCTAAACAGGGTCCGT-1,44
CCTAAAGGCTGACGCT-1,29
CCTAAATTAACGGTTC-1,44
CCTAACCCAAACAAGT-1,22
CCTAACTAAGGCTCTA-1,30
CCTAAGTGTCTAACCG-1,46
CCTACAAGTCCGGAAT-1,34
CCTACATTCACAGACG-1,24
CCTACGCGACCTTACA-1,53
CCTACGGCTCAGTCGA-1,76
CCTACTGCTTACACTT-1,36
CCTAGGCGTAGCGATC-1,17
CCTAGGTAAAGGTAGC-1,38
CCTAGTTAGTCGCATG-1,32
CCTATAATGAGTGCCC-1,25
CCTATACCGTCCTGTC-1,41
CCTATATCGTGTCACG-1,53
CCTATCTATATCGGAA-1,33
CCTATGGCTCCTAGTG-1,49
CCTATGGGTTACCGTC-1,43
CCTCACCAATCTTGAC-1,42
CCTCACCTGAGGGAGC-1,30
CCTCACCTTAGCATCG-1,35
CCTCATGCAGCTACGA-1,37
CCTCCCGACAATCCCT-1,35
CCTCCGACAATTCAAG-1,33
CCTCCTAGCTAGAGTC-1,36
CCTCCTGAGCCCACAT-1,54
CCTCGAAGTGGACGGG-1,41
CCTCGACCCACTGCCT-1,59
CCTCGCCAGCAAATTA-1,39
CCTCGCGCGATATAGG-1,30
CCTCGCGCTGTGCGAT-1,41
CCTCGGACCGGGATAG-1,27
CCTCGGATGCTACCTG-1,55
CCTCGGTTTCCTTGCC-1,45
CCTCTAATCTGCCAAG-1,26
CCTCTACAAGGATTGG-1,50
CCTCTATCGATTAGCA-1,47
CCTCTCTCCCATCTAG-1,19
CCTCTGGCCTAGACGG-1,34
CCTCTGTACTATTCTA-1,78
CCTGAACGATATATTC-1,13
CCTGAATATTTACATA-1,26
CCTGACCACCGATGGT-1,49
CCTGACGCAACCTTTA-1,53
CCTGAGAATAAATGCA-1,52
CCTGCCCGTTGTCTAG-1,60
CCTGCGATAGAACTGT-1,53
CCTGCGTTCTACGCTT-1,63
CCTGCTATTTGAGAAG-1,44
CCTGGCTAGACCCGCC-1,37
CCTGGTCGAATGTGGG-1,93
CCTGTAAGACATGATA-1,33
CCTGTACTCACGCCCA-1,59
CCTGTCACCCGGGCTC-1,26
CCTGTCGCCCGTAAAT-1,27
CCTGTGCATAGGAGAC-1,8
CCTGTGCGGATTGTAA-1,79
CCTGTTCAACCTCGGG-1,31
CCTTCCGCAACGCTGC-1,5
CCTTCTCAGCGTTCCT-1,57
CCTTCTTGATCCAGTG-1,32
CCTTTAAGGGAGCACT-1,91
CCTTTCAATGAAGAAA-1,32
CCTTTGAATTATGGCT-1,49
CGAAACATAGATGGCA-1,41
CGAAACGCAATTCATG-1,24
CGAACAGTATGGGCGT-1,4
CGAACATAGTCAGAAA-1,4
CGAACCCGCATGCGTC-1,16
CGAACCTCTTTCCTAG-1,43
CGAACGCCCAGTGCCG-1,40
CGAACGGCCGGACAAC-1,47
CGAAGACTGCCCGGGA-1,35
CGAAGCTATAAATTCA-1,29
CGAAGGGTTTCAGATT-1,45
CGAAGTTGCTCTGTGT-1,24
CGAATCTGCTCGACGC-1,44
CGAATGAAGTCATTGC-1,39
CGAATGGTAGGTCGTC-1,46
CGAATTACATGGTGTT-1,56
CGACAATTTGATCTAA-1,105
CGACACGCTCCGACAG-1,50
CGACAGTTCGCGTTAT-1,47
CGACATGCGATCTTCT-1,36
CGACCCTTAACGCCGG-1,46
CGACGCATCCGTACCT-1,30
CGACTCAGGATGTTAT-1,30
CGAGACCCTAGAGTGT-1,50
CGAGAGATGTGAACCT-1,40
CGAGAGCGCGTAGATA-1,48
CGAGATGTTGCCTATA-1,38
CGAGCACTTCAAGTTT-1,54
CGAGCGTTGATCAGCC-1,52
CGAGCTGGGCTTTAGG-1,42
CGAGGCCAGGCATTGG-1,64
CGAGGCTAAATATGGC-1,40
CGAGGGACTGCGGTCG-1,35
CGAGGGTATCCAGGTG-1,52
CGAGTACTAAAGAGGA-1,42
CGAGTGAAGGTACCAG-1,11
CGAGTGCTATAGTTCG-1,39
CGAGTTCTGTCCCACC-1,40
CGAGTTTATCGGACTG-1,19
CGATACCTCGCGGACA-1,46
CGATAGCGATACAGTG-1,13
CGATATTAGCCGCAGG-1,47
CGATCCGACCCAGTGC-1,60
CGATCCTCGCAACATA-1,55
CGATCTGTTGGAGGAC-1,31
CGATGGACCCTACGCC-1,30
CGATGTTGTTATCTAC-1,36
CGATTAAATATCTCCT-1,26
CGATTCGCCTGGCTGC-1,125
CGCAATTACTTTCGGT-1,42
CGCAATTAGGGTAATA-1,51
CGCAATTCTACAATAA-1,43
CGCACATGTCCACTAC-1,33
CGCACGTCTGTTTATG-1,37
CGCACGTGCGCTATCA-1,2
CGCAGAAACATTTGCG-1,37
CGCAGATCTTCACCCG-1,29
CGCATCATGGCTTCAG-1,54
CGCATCCATCAGCCAG-1,7
CGCATGGTGCGATGCT-1,38
CGCATTAGCTAATAGG-1,43
CGCCAAGAAGCCGAGT-1,63
CGCCACAGGTCGCGAT-1,39
CGCCACCCGCATTAAC-1,20
CGCCATCCGATTATGA-1,47
CGCCCGCTTCCGTACA-1,37
CGCCCTAATTGTTCAA-1,35
CGCCCTTGAAGGCTGA-1,40
CGCCGACTATTCGCTA-1,35
CGCCGCCCATGCCTGT-1,25
CGCCTCCCTCCTCTAT-1,34
CGCCTGGCCTACGTAA-1,74
CGCGACACTGCGCAGC-1,59
CGCGAGAGGGACTTGT-1,36
CGCGAGTCTGCCGGGT-1,53
CGCGCAAATGTCCAGA-1,6
CGCGCAAGGAACTACA-1,44
CGCGCATGTTTGATTG-1,26
CGCGCCCGACTTAATA-1,40
CGCGGCAGTATTACGG-1,43
CGCGGCTCAACTTGAA-1,42
CGCGGGAATTAGGCAG-1,23
CGCGGTCACAAACCAA-1,38
CGCGTCATATTAAACC-1,45
CGCGTGCTATCAACGA-1,39
CGCGTTCATGAAATAC-1,23
CGCTACCGCCCTATGA-1,45
CGCTACGGGACATTTA-1,49
CGCTAGAGACCGCTGC-1,44
CGCTATACCGCCCACT-1,47
CGCTATTCAATGTATG-1,69
CGCTATTCTTAGGCTC-1,26
CGCTCGACATAATGAT-1,41
CGCTCTCCGTAGATTA-1,38
CGCTGAGGACGTCCAA-1,45
CGCTGGTGACTACCCT-1,15
CGCTGTGACGCCGCAC-1,57
CGCTGTGTGGATGTTG-1,21
CGCTTATTCCCGGTCG-1,9
CGCTTCCACTGAAATC-1,45
CGCTTTCATACCGGTG-1,49
CGCTTTCTTGCATTCG-1,30
CGGAAAGAATCAAACG-1,79
CGGAAATTTCACATCC-1,46
CGGAACGTAAACATAG-1,68
CGGACGTTACTTGAAG-1,47
CGGAGCAATTTAATCG-1,31
CGGAGCATGGCGATCC-1,42
CGGAGCTTATAACACC-1,82
CGGATAAGCGGACATG-1,61
CGGATGAATGCTGTGA-1,50
CGGCAAACATCGTGCG-1,28
CGGCACCGTTAGCGCC-1,26
CGGCACTCAAGAAAGT-1,37
CGGCAGGGTCGGGTTG-1,33
CGGCCACGCACAAAGT-1,28
CGGCCCAACCTGTAGT-1,1
CGGCTCTTCGTCGAAC-1,48
CGGCTGCAAGATTAAG-1,41
CGGCTTTGTATGATAA-1,39
CGGGAAGTACCGTGGC-1,16
CGGGAATTTATGTAAA-1,50
CGGGAGCTTCAGTGTA-1,50
CGGGAGTATACCGCCG-1,55
CGGGATCAATGTAAGA-1,45
CGGGCAGCTAAACCGC-1,32
CGGGCCATAGCCGCAC-1,53
CGGGCCTTCTTTGTAA-1,52
CGGGTGTACCCATTTA-1,29
CGGGTTCGGCACGTAT-1,33
CGGGTTGTAGCTTTGG-1,49
CGGTACTAGAATCAAA-1,22
CGGTAGAGGTGCAGGT-1,33
CGGTATAGGTATTAGC-1,34
CGGTCAAGTGGGAACC-1,30
CGGTCTATCAACCCGT-1,30
CGGTGAAGACTAAAGT-1,49
CGGTGCAGATAGAACG-1,26
CGGTGCGCGTTGGTCC-1,104
CGGTGGGCTCCAGCCT-1,25
CGGTGTACTTGATCCC-1,76
CGGTTATCCAACAGTG-1,33
CGGTTCAAGTAGGTGT-1,27
CGGTTCCGGCTTCTTG-1,11
CGGTTGACCTGGCATA-1,39
CGGTTGAGTATCCTTC-1,67
CGGTTGGGTTCAAGTT-1,30
CGGTTTATGAAGGAAC-1,37
CGTAAACGCTTGAGTG-1,61
CGTAAAGCAAGAAATC-1,50
CGTACCTGATAGGCCT-1,48
CGTAGCGAATTGTCAG-1,31
CGTAGCGCCGACGTTG-1,42
CGTATTAAGAGATCTA-1,40
CGTCAAGGCTATAAAT-1,60
CGTCACGTCCATTGGT-1,45
CGTCAGCTATTTACTC-1,20
CGTCAGTGCGCACAAG-1,45
CGTCAGTTTATCGTCT-1,56
CGTCATACCATATCCA-1,44
CGTCGCGGCGGGATTT-1,23
CGTCGCTTGGTTATAC-1,57
CGTCGGATAGTGTTGA-1,13
CGTCGGGTCTAAGCGC-1,38
CGTCGTCCTTCGCGAA-1,96
CGTCTGGAAGGGCCCG-1,36
CGTGAAGTTAATTCAC-1,50
CGTGACATTGGGTCGT-1,42
CGTGACCAGTCCTCTG-1,64
CGTGCAGACTGGGACA-1,26
CGTGCATTGTCGACGC-1,33
CGTGCCCGACATTTGT-1,61
CGTGCCCTCCCGAAGA-1,40
CGTGCTGGCCTAGTCG-1,23
CGTGCTTCTACCTAAA-1,58
CGTGGTACCCAAAGGC-1,47
CGTGTCTCGTTACGAC-1,39
CGTTAGCTCACAACTG-1,31
CGTTCAGACCCGCGAA-1,56
CGTTCATGGTGCGCGT-1,36
CGTTCTTCGCACACCT-1,33
CGTTGAATACCGCGCT-1,19
CGTTGAGCGACCGTCG-1,34
CGTTGAGTAATTGCGT-1,37
CGTTGCCCGCGTGGGA-1,65
CGTTGTAAACGTCAGG-1,59
CGTTGTAAGATTGATT-1,57
CGTTGTCGGCAATTGA-1,33
CGTTGTTTCAATTCCC-1,44
CGTTTAAGCGGAGCAC-1,36
CGTTTCACTTCGGGCG-1,42
CGTTTCGCTCATTACA-1,45
CGTTTGTGTAGAGGGT-1,40
CTAAAGAATGCCTACT-1,65
CTAAAGGGAAATAGGA-1,51
CTAAAGTCCGAAGCTA-1,51
CTAAATCCGGTGTACA-1,39
CTAAATCCTATTCCGG-1,33
CTAACCGCGCGCCCGT-1,23
CTAACGAAACTTGCTG-1,27
CTAACTGGTCCGGTTC-1,22
CTAAGGGAATGATTGG-1,1
CTAAGTACAGGGCTAC-1,45
CTAATTCGCACGCGCT-1,42
CTAATTCTCAGATATT-1,30
CTAATTTCAACAACAC-1,70
CTACAAGAAATAACCC-1,39
CTACACTAGCTTGTTC-1,35
CTACATATCGCGGGAC-1,22
CTACCCTAAGGTCATA-1,30
CTACGAACTAGGTCGA-1,49
CTACGACTAGCTATAA-1,65
CTACGATCCTATCCTA-1,38
CTACGCACGGAGTACC-1,48
CTACGCCATTTCCGAT-1,63
CTACGTGTTGCCACCA-1,61
CTACTATCATAGGTTT-1,27
CTACTATCTTTCAGAG-1,25
CTACTCAAGGTATAGT-1,50
CTACTCTAGGCCCGGC-1,35
CTACTGCCACCTGACC-1,37
CTAGACATATATGTAG-1,39
CTAGACTGCATTTCGT-1,33
CTAGATAAACTCCTCG-1,81
CTAGATGTGAGTGTAA-1,14
CTAGATTTACGACGGC-1,30
CTAGCAACTAATTTAC-1,53
CTAGCATAGTATAATG-1,25
CTAGCCGATGTTATGA-1,38
CTAGGCGCCCTATCAG-1,18
CTAGGCGGCAGAGAAT-1,32
CTAGGTTCGGACGTGA-1,117
CTAGTATTCGGAATTA-1,33
CTAGTCACGTCTTAAG-1,47
CTAGTGAAGGACAGGA-1,34
CTAGTTACAACCCGGT-1,18
CTAGTTGGGCCCGGTA-1,31
CTATAAGAGCCAATCG-1,25
CTATAGGCGTTGATGT-1,61
CTATATCCAGCCTGGC-1,45
CTATCGGGTCTCAACA-1,49
CTATGAACACCTTGCC-1,37
CTATGCCCGAATGCAA-1,71
CTATGTCACTAGCCCA-1,19
CTATGTCTATTGAAAC-1,37
CTATGTGAGTCACGGC-1,54
CTATTCATGTGTCCCA-1,70
CTATTGTGTTTGGTCA-1,38
CTATTTGGTTACGGAT-1,32
CTCAAACCACTGCCCG-1,52
CTCAAGACATTAGCGC-1,46
CTCACATTTACTAAAT-1,39
CTCACTGTGATACTTA-1,1
CTCACTTGGCTGGTAA-1,26
CTCAGATTGTGATAAG-1,47
CTCAGGACTCACCTGT-1,30
CTCAGTCACGACAAAT-1,32
CTCATGGCTCACAATC-1,31
CTCATGGTAATTTGCG-1,64
CTCATTGCTCTAACAA-1,10
CTCATTTGATGGGCGG-1,30
CTCCCTCCTTTCGATC-1,19
CTCCGCCCACATGAGG-1,13
CTCCGGCCTAATATGC-1,42
CTCCGGCTTGTAGACA-1,43
CTCCTAAGTTATGTCT-1,31
CTCCTTTACGCAAGTC-1,8
CTCGAATGGAACGTAT-1,34
CTCGAGACATACGATA-1,33
CTCGAGATCCAAAGCA-1,23
CTCGAGGCAAGTTTCA-1,35
CTCGAGGTCGAACAGT-1,40
CTCGATATTTGCGAGC-1,33
CTCGCACCTATATAGT-1,34
CTCGCATTGCATAGCC-1,45
CTCGCCGAATGTAGGG-1,36
CTCGGGCATCGTCGGG-1,35
CTCGGGTTCTCTGGCC-1,59
CTCGGTACCACTGCTC-1,23
CTCGGTCCGTAGCCTG-1,41
CTCGGTTGTCGGCCCT-1,9
CTCGTCGAGGGCTCAT-1,42
CTCGTTTCTAATGTTT-1,33
CTCTAATGCATTGATC-1,12
CTCTACACTGGCGATT-1,59
CTCTATTTGGCTGCAG-1,39
CTCTCACAATCGATGA-1,37
CTCTCGATGTGCGCCT-1,50
CTCTCTAACTGCCTAG-1,38
CTCTGCAGGCATTCTT-1,44
CTCTGCGAAGCAAGCA-1,39
CTCTGGACGCCTGGTG-1,18
CTCTGTGCCTGCTATG-1,31
CTCTGTTTGAGGATTC-1,36
CTCTTCTATTGACTGG-1,11
CTCTTCTGGAAGTTAG-1,56
CTCTTGTCCCGCTTGG-1,21
CTGAAAGAGATCCGAC-1,28
CTGAATCCGAGACCTC-1,48
CTGAATTTATTGCCAG-1,31
CTGACTGCGCAGCTCG-1,15
CTGAGCAAGTAACAAG-1,40
CTGATAGTGTATCTCA-1,44
CTGATCCCTTTATGCA-1,42
CTGCAAATGGGCTCCA-1,46
CTGCACAACTACATAT-1,64
CTGCACCTGGAACCGC-1,47
CTGCACTCCAGTACAG-1,17
CTGCCAAGGTTGGAAG-1,32
CTGCCATGCATCACAT-1,46
CTGCCCACGAAGCGTT-1,30
CTGCCTAGCCACCAAG-1,59
CTGCCTTTAATACCTT-1,34
CTGCGGGTGAAATGTT-1,53
CTGCGGTAGTCACGTG-1,46
CTGCGTTACGATATAA-1,32
CTGCTGAGGCCACGAA-1,27
CTGCTTGGCGATAGCT-1,26
CTGCTTTATGTCCGCG-1,36
CTGGAAATGGATGCTT-1,22
CTGGAAGACACGGTGG-1,34
CTGGACGCAGTCCGGC-1,51
CTGGATTTACACTTGA-1,12
CTGGCATCCGAATGAG-1,67
CTGGCGACATAAGTCC-1,45
CTGGCGCACAGGTCTG-1,21
CTGGCGGGAATAAGTA-1,33
CTGGCTCCTGCGGGAT-1,46
CTGGCTGATTCATCCT-1,64
CTGGCTGCTAACGTAA-1,61
CTGGCTGGTTGTCAGT-1,14
CTGGGATAAATAATGG-1,25
CTGGGATCGCCCAGAT-1,31
CTGGGCACTAGTCGGA-1,33
CTGGGCCTGCTATATC-1,8
CTGGGCGGCCAAATGT-1,47
CTGGGCTATCCTTTGG-1,10
CTGGGTAGGCAGTTAA-1,40
CTGGGTTGAGTTAAAG-1,35
CTGGTAACACATAGAA-1,49
CTGGTAACGAGCTCTT-1,25
CTGGTCATTCCAATCC-1,64
CTGGTCCTAACTTGGC-1,26
CTGGTGAATGGGCCTA-1,39
CTGGTTCAACGCATCA-1,38
CTGGTTTCGAGCAAGA-1,59
CTGTACTTCTTAGCAT-1,53
CTGTAGCCATCTCACT-1,44
CTGTATGGTGTAGAAA-1,43
CTGTCAAATGGCTCGG-1,39
CTGTCACGCCAGGCGC-1,34
CTGTGCAGGGTAGGTC-1,42
CTGTTACCCAATCTAG-1,30
CTGTTCACTGCCTGTG-1,16
CTGTTCATCTCACGGG-1,45
CTGTTGTTCAGTCGTA-1,33
CTTAAATAAGACCCAT-1,44
CTTAACTTCGAAGTAC-1,38
CTTAAGCAGCGAGCCG-1,33
CTTACACGGTATTCCA-1,47
CTTACACTGGGAAATA-1,41
CTTAGCCCGGATAGTG-1,41
CTTAGCCTTCCACATG-1,30
CTTAGGTATAGACCAG-1,34
CTTAGTAGGCCTACAG-1,4
CTTAGTTGAGGAATCG-1,53
CTTATGCGCTCAGGGC-1,30
CTTATGTTGACTACCA-1,33
CTTCAACTCCACTTGG-1,107
CTTCAGTGGTCGCCTA-1,45
CTTCATAGCTCAAGAA-1,28
CTTCATTGTCAGTGGA-1,37
CTTCCTGCATATTTAC-1,25
CTTCGTAGATAGGTGA-1,41
CTTCTATGTTGAAGTA-1,12
CTTCTGGGCGTACCTA-1,54
CTTCTTACGTCGTATA-1,37
CTTGACCCGAAAGATA-1,56
CTTGAGGTTATCCCGA-1,62
CTTGAGTTAGGGTAAT-1,25
CTTGCAACCGCCTCCT-1,56
CTTGCCCAGGCTCTAC-1,35
CTTGGCCAAGCTGGGA-1,39
CTTGTACTTGTTGACT-1,32
CTTGTCAACATTCGAG-1,68
CTTGTCGTACGTGTCA-1,34
CTTGTGAGTCTTTGAC-1,45
CTTGTGCTCACCGATT-1,36
CTTGTTGCTGAGTCAA-1,46
CTTGTTTATGTAGCCA-1,44
CTTTAACTTTCAAAGG-1,43
CTTTAATATTGGTCGA-1,46
CTTTACCGAATAGTAG-1,27
CTTTAGGAACACTGTT-1,17
CTTTAGTGCTATTATT-1,68
CTTTCTGTGCGGGCTT-1,22
CTTTGAAACATATTCC-1,24
CTTTGGCGCTTTATAC-1,12
CTTTGGCTTTAGTAAA-1,49
CTTTGGGATTGTTGCA-1,79
CTTTGTCGAATGCTCC-1,44
GAAACAGATGACCACC-1,26
GAAACAGCCATGCAGT-1,39
GAAACATAGGAAACAG-1,49
GAAACCATGGTGCGCT-1,39
GAAACCGAATTACCTT-1,37
GAAACTCGTGCGATGC-1,40
GAAACTCTAATGAAGG-1,41
GAAAGCAGTGCACTTT-1,40
GAAAGCCCTTTGGACC-1,66
GAAAGTGACTAACTGC-1,55
GAAATACCTGCTGGCT-1,59
GAAATACTAAACGTTT-1,46
GAAATATCACCATCAG-1,50
GAAATATGCTTGAATG-1,50
GAAATCGCGCGCAACT-1,34
GAAATGGCGGTGTTAG-1,24
GAAATGGGATGTAAAC-1,41
GAAATTAGCACGGATA-1,33
GAAATTCACATCGCTG-1,58
GAAATTGTCTCTATAA-1,48
GAACACACATCAACCA-1,37
GAACAGATTACTAAAT-1,69
GAACCATCTGGGAGAC-1,51
GAACCCTCTGTGTTCT-1,104
GAACCTCGACCTACAC-1,58
GAACGACCGAATGATA-1,31
GAACGTCTCATGGTCG-1,35
GAACGTTAGGAAGACG-1,41
GAACTTAGCGCCCGGT-1,46
GAAGAAACGATATTGT-1,40
GAAGAACGGTGCAGGT-1,44
GAAGACTTCAATGCCG-1,28
GAAGCAAGGCAATGTT-1,50
GAAGCCACTGATTATG-1,13
GAAGCCTGCACATTCC-1,34
GAAGCGTGAGGAATTT-1,23
GAAGCTCGGACCCGTC-1,49
GAAGCTTGCTGACCGC-1,69
GAAGTCAGTTGCACTA-1,19
GAAGTCTCCCTAGCGA-1,8
GAAGTGATTTATCGTG-1,50
GAAGTGCTGGATAGCT-1,39
GAAGTTTCCACTCAAT-1,55
GAATAGACGCGACCCA-1,73
GAATAGCCCTGCGGTC-1,55
GAATAGTGCTCGATTA-1,55
GAATATTCGGAGTCCC-1,47
GAATCGCCGGACACGG-1,36
GAATCTATACTCGGAC-1,39
GAATCTGAACATTCTC-1,49
GAATGCCGAAATGACC-1,68
GAATGCGAATCGGTTC-1,33
GAATGGGCTTATCGAC-1,42
GAATGTATGGCAGGTC-1,33
GAATGTGGTCCGGATT-1,36
GAATGTTGGGTAATCT-1,45
GAATTATAGTGAAAGG-1,32
GAATTCACCCGGGTGT-1,17
GAATTTCTCGCTGCAG-1,36
GACAAACATATGCAGG-1,81
GACAACGACCATTGAA-1,19
GACAACGCAGCTTACG-1,59
GACACAAGGGAAGAAA-1,44
GACACGAGTTAGAGGA-1,3
GACACTGAGTTCAGTG-1,21
GACAGATTTCTGGCTC-1,45
GACAGCCAGACCTGAC-1,38
GACAGGCACACACTAT-1,36
GACATACTGTCGCAGA-1,33
GACATCGATTTATAAC-1,13
GACATTTCGCCCAGCC-1,15
GACCAGAGCCCTGTAG-1,45
GACCAGGTCATTCATA-1,53
GACCCAATTATGATAC-1,53
GACCCGTCGCCGGCTA-1,44
GACCGACTGAAGCGTC-1,58
GACCGATTAAATATGT-1,47
GACCGTCAGGTCGTGA-1,35
GACCGTGCTGACGGTG-1,50
GACGACGATCCGCGTT-1,23
GACGATATCACTGGGT-1,49
GACGCCGTAAAGGCTA-1,24
GACGCCTGTTGCAGGG-1,36
GACGCTTGCTTCTAAA-1,30
GACGGACCGCGTTCCT-1,42
GACGGGATGTCTTATG-1,31
GACGGTCAATAGAAGC-1,26
GACGTGAGACTCCATG-1,23
GACGTGTAGGGATTAT-1,40
GACGTTGCTCGGCGGC-1,35
GACTAACACAGCACCT-1,51
GACTAAGATCATGCAC-1,43
GACTAAGTAGGCTCAC-1,51
GACTACAAAGCGGTGG-1,42
GACTACAATTGCTCGT-1,57
GACTCCCAGAATAAGG-1,11
GACTCCTTCCAATTGA-1,41
GACTCGCGGGAATGAC-1,22
GACTCGGTCGGCGGAT-1,30
GACTGATTGGTCACAA-1,33
GACTGCAAATCGAGCT-1,35
GACTGCACCAGCCCAG-1,45
GACTGCGGCACGTGTA-1,65
GACTGCTGGTGAGAAA-1,42
GACTGGGCGCCGCAAC-1,38
GAGAATCTCACGATCA-1,13
GAGACCCTGCAACGCC-1,33
GAGACTGATGGGTAGA-1,47
GAGACTTCGCGACCGA-1,27
GAGAGCGCAGTCCCTG-1,33
GAGAGGGCGCGAGGTT-1,15
GAGAGGTGCATTCTGG-1,11
GAGATCTGCTTGGCAT-1,19
GAGATCTGTCACTCCG-1,50
GAGATCTTCCATGACA-1,39
GAGATGGGAGTCGACA-1,28
GAGCACCTGTGTCCAG-1,46
GAGCATCAACAACTTG-1,29
GAGCATCATCCCTGGG-1,32
GAGCCACGGTAGTAGG-1,33
GAGCCGAGCGTTTATT-1,35
GAGCGAGGGAGTACCG-1,44
GAGCGCGCACGAGTAG-1,7
GAGCGCTGTTAGGTAA-1,54
GAGCTAAGGGCATATC-1,24
GAGCTCTCGGACCTAA-1,78
GAGCTGTCGTCTCGGA-1,23
GAGGAATGGAGAGGTT-1,39
GAGGAGTAATTCCTAC-1,50
GAGGCCCGACTCCGCA-1,27
GAGGCTATCAAAGTCG-1,42
GAGGGAGTCAGATCGC-1,75
GAGGGCATCGCGTATC-1,44
GAGGGCGCAGCTCTGC-1,45
GAGGGTAGTAACAAAG-1,45
GAGGTACATCCATCTT-1,35
GAGGTCCCAAAGATCT-1,1
GAGGTCTTAGTGGGTC-1,38
GAGTAAGGCCACGGGA-1,47
GAGTACGGGTATACAA-1,48
GAGTAGATACTAGTTG-1,68
GAGTATACCCTAATCA-1,45
GAGTATGCCCGCCTTG-1,9
GAGTATGCGCGTGCAT-1,30
GAGTCAGACCAGAATC-1,44
GAGTCCGCTTACCGGA-1,38
GAGTCGACAGACCCTC-1,39
GAGTGTGCGGTACCCA-1,56
GAGTTGATGGCAATTT-1,47
GATAAATCGGTGGATG-1,35
GATAACTCGCACTGTG-1,34
GATAAGGCAGATGCAA-1,9
GATACGATGGGAGTCA-1,37
GATAGAACCCGCTAGG-1,3
GATAGGTAACGTTGAC-1,39
GATAGTGCGAGTAAGT-1,46
GATATCAAGCAGGAGC-1,46
GATATCTCATGCAATA-1,27
GATATGAGACACTAAC-1,44
GATATGCGGTAGCCAA-1,42
GATATGGATTACGCGG-1,40
GATATTGAGATTGGCG-1,19
GATATTTCCTACATGG-1,41
GATCAACATAAAGGGA-1,50
GATCATTCCAAACATT-1,29
GATCCCTTTATACTGC-1,44
GATCCGGGAATTAACA-1,40
GATCCTAAATCGGGAC-1,38
GATCCTCGACACTGGC-1,26
GATCCTCTTGCGCTTA-1,63
GATCGACACTATCTGA-1,73
GATCGCGGGCTCTCCA-1,34
GATCGCTATATCTCAG-1,51
GATCGCTGTGGTGCGT-1,40
GATCGGATAGAACCAT-1,31
GATCGGCGATAAGTCG-1,64
GATCGGTGGCCATAAC-1,35
GATCGTGACTGATATC-1,50
GATCTAACCGTATTCA-1,50
GATCTGCTATCTAAGG-1,61
GATCTTCATTGTCCTC-1,19
GATCTTGGAGGGCATA-1,41
GATCTTTGCAGGGTAT-1,24
GATGACAAGTAGGGCA-1,23
GATGACGATGATCGCG-1,54
GATGATTTGAAACTGG-1,25
GATGCCACACTACAGC-1,44
GATGCCAGCAGAAGGC-1,50
GATGCCTTCTGCGGCA-1,31
GATGCGAATGGTATTA-1,42
GATGCGTCCTGCATTC-1,45
GATGCTACAAGCGCCT-1,22
GATGCTGTATTTCATC-1,39
GATGGCGCACACATTA-1,69
GATGGTGCCCTAGGCA-1,48
GATGTAACGAACCACC-1,53
GATGTCCGGATCACAT-1,44
GATGTCGGTCAACTGC-1,44
GATGTGTTGTCACAAG-1,45
GATGTTCAATCCACGA-1,26
GATGTTTGTGCGAGAT-1,66
GATTAATCCTGGCTCA-1,52
GATTACTGAATTTGGG-1,27
GATTCCCTTGTCGCAG-1,32
GATTCCGCGTTTCCGT-1,51
GATTCCTATACGGCGC-1,25
GATTCGACGGTTCACG-1,42
GATTGACACTCTGCTC-1,43
GATTGCTCCAGTTGCA-1,43
GCAAACCCTACATTAT-1,43
GCAAACCTTGGCCATA-1,39
GCAAAGGGCGTTAGCC-1,34
GCAAATATTACGCTTT-1,22
GCAAATGAGGACACTT-1,49
GCAACACACTAGAACT-1,50
GCAACCACCAGACCGG-1,28
GCAACCACGGCCGCGT-1,12
GCAAGAATTCCTTGGC-1,18
GCAAGATGTGTTCGCG-1,28
GCAAGTGCACAGAGAA-1,49
GCAAGTGTAAAGCATG-1,64
GCACAAACCCTAGATG-1,44
GCACAACCTCGGGCGT-1,46
GCACAAGTGTCGGAAG-1,46
GCACACGCCCATGGTC-1,67
GCACGCCTACTTAGAT-1,22
GCACTAGTCGCGCTAT-1,43
GCACTCCCACAGTCCC-1,39
GCACTGCCTACCTTTA-1,1
GCACTGTGCAAATGTA-1,39
GCAGATCCATAAGACT-1,41
GCAGATCCTCGCAAAT-1,51
GCAGATTAGGGATATC-1,27
GCAGCACACAGCCCAG-1,53
GCAGCGGTGGGCATTA-1,46
GCAGCTATGGACAGGT-1,37
GCAGGAACTTAGATCT-1,37
GCAGGACTATAGAATA-1,17
GCAGGTAGAGTATGGT-1,34
GCATACGAGGTCTTTA-1,28
GCATAGAGCACTCAGG-1,32
GCATCCCTAACTTTGA-1,50
GCATGAGGGACGCGGC-1,27
GCATGGGTACTGACGC-1,37
GCATTCAAGGCAACGC-1,38
GCATTCGAAATGAACA-1,77
GCATTGACTTGCGGAA-1,41
GCATTGTAATTCATAT-1,47
GCCAACCATTTCCGGA-1,37
GCCAAGAATACTTCTG-1,32
GCCAATAGGGCATCTC-1,36
GCCACAATTTAAGGAC-1,7
GCCAGGAAAGAACACT-1,47
GCCAGGAGTAACCGAT-1,24
GCCAGGCGTTCGCATG-1,47
GCCATATTGCACACAG-1,27
GCCATCGAGCTGCGTG-1,24
GCCATTAGCCTCAAAC-1,36
GCCCACCAAGGCTGTC-1,44
GCCCAGTTGGTATGCC-1,48
GCCCATGGGTGCAATG-1,49
GCCCGACTTCTTCCCG-1,65
GCCCGAGAGTCTAAAT-1,33
GCCCGATCTGTGGTCG-1,81
GCCCGATGCCCAGTTC-1,21
GCCCGCGCGTAAACGG-1,45
GCCCGCGCGTTTGACA-1,40
GCCCGTAATACCTTCT-1,26
GCCCTAGCCGTCGCGA-1,50
GCCGAAATTCCTACGT-1,45
GCCGACCCACGACTGC-1,56
GCCGATTGGCCAAGCT-1,54
GCCGCATTAGTCCGGC-1,20
GCCGCTAGATACGCAG-1,19
GCCGCTTGTGAGAAAC-1,27
GCCGGAAACACATCTT-1,40
GCCGGGTTAGGGTCGC-1,50
GCCGGTCGTATCTCTC-1,36
GCCGGTTTGGGCGGAT-1,37
GCCTAGCGATCTGACC-1,46
GCCTATAGTGTCAGGG-1,17
GCCTATGCTGGGCCTT-1,51
GCCTATTCCGATATAG-1,42
GCCTATTTGCTACACA-1,38
GCCTCATCTGGAAATA-1,45
GCCTCTATACATAGCA-1,105
GCCTGCTACACTGAGA-1,39
GCCTTCAGCCCTACCG-1,41
GCCTTGTATATGCAGT-1,55
GCCTTTGTCAGTGGAC-1,33
GCGAAACTTAACTGGA-1,23
GCGAAGCCATACCCGT-1,25
GCGACCCAACCATCTG-1,44
GCGACGATAGTTGTAC-1,44
GCGAGAAACGGGAGTT-1,29
GCGAGAGGCCATGTAA-1,20
GCGAGGCCCGAGCAGA-1,55
GCGAGTTCTGCAAAGA-1,31
GCGATTCTGGAAGCAG-1,37
GCGATTGTTAACGTTA-1,41
GCGCAAATATATTCAA-1,30
GCGCAAGAGCGCGCTG-1,7
GCGCATCCAGTCAGCA-1,21
GCGCCGTTCCACGATA-1,46
GCGCGATGGGTCAAGT-1,43
GCGCGGTCTAGTAACT-1,22
GCGCGTCATTGGTACA-1,23
GCGCTAAGTATGCATG-1,56
GCGCTAATTGAATAGA-1,52
GCGCTATGCCGAGGCA-1,41
GCGCTGATCCAGACTC-1,34
GCGCTGCTTTGCATTT-1,32
GCGGACCGCGTTGTGG-1,22
GCGGAGAAACTTCGCA-1,20
GCGGAGAGGGAGAACG-1,66
GCGGCAAAGTATTGCC-1,36
GCGGCTCTGACGTACC-1,57
GCGGGAACCAGGCCCT-1,41
GCGGTAACCCAAATGA-1,49
GCGGTCCCTAGACGCA-1,35
GCGGTGAACTGCGCTC-1,25
GCGGTTCCCTATCATG-1,12
GCGTAAATGGCCATAA-1,7
GCGTCCAGCTCGTGGC-1,37
GCGTCCCTAAGACATA-1,71
GCGTCGAAATGTCGGT-1,39
GCGTCGCCAGGGTGAT-1,92
GCGTCTCTGCATTGGG-1,40
GCGTGGTACTGGGTTA-1,8
GCGTGTATGTCGTATT-1,62
GCGTTATATTTGGAAC-1,66
GCGTTCGGAGACCGGG-1,41
GCTAAACCTGAGGTGA-1,12
GCTAAGTAAAGGCGAT-1,57
GCTAAGTAGTTTCTCT-1,33
GCTAATACCGAATGCC-1,35
GCTACACTGTCCGAAC-1,32
GCTACAGTACGGACCG-1,32
GCTACGACTTATTGGG-1,54
GCTACTATAGTAGAGT-1,1
GCTAGACCGTCTACTG-1,35
GCTAGCAGGGAGTGGG-1,30
GCTAGCGATAGGTCTT-1,50
GCTAGCTTGAATAGCT-1,53
GCTAGGCACCACGGAG-1,46
GCTAGTAGAGCTTGTA-1,52
GCTAGTTTCATTGAGG-1,31
GCTATACGTCTCGGAC-1,47
GCTATCATACTCATGG-1,125
GCTATCGCGGCGCAAC-1,10
GCTATGCCAGCTTATG-1,28
GCTCAATCCGTTTATT-1,13
GCTCAATGTAATACCG-1,58
GCTCATTACTGCATGT-1,32
GCTCCGGACGTTGATA-1,10
GCTCCTGACATACTGG-1,25
GCTCGCGGTTCCGCTC-1,61
GCTCGCTCATGTCCAA-1,19
GCTCGGAATTTAAAGC-1,42
GCTCTAAACCCTGACG-1,33
GCTCTATGTTACGTGC-1,44
GCTCTCGGGTACCGAA-1,35
GCTGAATCTTCCAATC-1,41
GCTGAGGCGTGAGTAT-1,51
GCTGCACGGTTTCTTA-1,30
GCTGCTAAGTAGTCGA-1,40
GCTGCTACTGCGTAGC-1,32
GCTGCTCTCCGGACAC-1,26
GCTGGACCCAAAGTGG-1,32
GCTGGCATATTCACCT-1,65
GCTGGCGGCGCATGCT-1,64
GCTGGTGACTCGTAGT-1,9
GCTGGTTTAGGCCATA-1,40
GCTGTATTACTGGCCC-1,14
GCTGTCTGTGATCGAC-1,93
GCTGTTGCTACCGAAC-1,12
GCTTAATGTAACTAAC-1,42
GCTTATGAAGCAGGAA-1,24
GCTTCCAGCTTAGATT-1,31
GCTTCCGTCCCTAGAC-1,34
GCTTCGACGTTCAATC-1,51
GCTTGATGATAATCAG-1,39
GCTTGGATCGATTAGG-1,24
GCTTTCAGAGGAGGTG-1,23
GGAAACCTTGTTGAAT-1,45
GGAAAGTGCCCATGCC-1,36
GGAACCCGAACAAGAA-1,34
GGAACCGTGTAAATTG-1,39
GGAACCTTGACTCTGC-1,44
GGAACGGCCTGCAGCC-1,66
GGAAGCTCGCTTACAG-1,49
GGAATAACCTCAAGAA-1,47
GGAATGCGCTAGCGTG-1,10
GGACAAGTTGCAGTGA-1,41
GGACCAACAGGATAAC-1,58
GGACCTACGGTAACGT-1,48
GGACCTCTAGGCCGCC-1,41
GGACGGCTTGCGCAAC-1,37
GGACGTCCATAGTTGG-1,25
GGACTCGTGAGTGGTC-1,51
GGAGAAGTCATTGGCA-1,55
GGAGACCATCTACATA-1,40
GGAGACGACACCTTTG-1,45
GGAGCACCAAGAACTA-1,29
GGAGGATTGAAAGGAG-1,26
GGAGGCGAAGAACCGC-1,33
GGAGGGCTTGGTTGGC-1,29
GGAGTGCCGCCCTGGA-1,52
GGATACTCATGAATTG-1,44
GGATCAAAGGACGAGG-1,52
GGATCATCCCGTACGC-1,41
GGATCCGGAATATACT-1,38
GGATCTTACTGCCCTT-1,35
GGATCTTGACTCAACC-1,36
GGATGAAGATCGCTGA-1,96
GGATGACGCGAGTTTA-1,65
GGATGCTGGCGTTCCT-1,46
GGATGTCCTTACCGCA-1,25
GGATTAAGCTAAGGTC-1,67
GGATTCAGTACGGTGG-1,51
GGATTCCGCTATACCC-1,27
GGATTTCACTTCTATA-1,28
GGCAAAGGCGCCAATA-1,19
GGCAAATTACTTTACT-1,41
GGCAAGCCCATAGTGG-1,47
GGCAAGGCGAAATAGC-1,32
GGCAATAGTCAATGAG-1,38
GGCACTCCACTGGGCA-1,42
GGCAGCGGTAATCCTA-1,51
GGCATACAGGTAGCGG-1,18
GGCATATCGGTTCTGC-1,25
GGCATCAACGAGCACG-1,49
GGCCACAAGCGATGGC-1,37
GGCCCAGTTATCAGCA-1,17
GGCCCTCACCCACTTA-1,31
GGCCGAGACTCTGGTG-1,51
GGCCGTTTGGGTTTCA-1,20
GGCCTTTGCAACTGGC-1,54
GGCGAAATCTAACTTG-1,41
GGCGAGCATCGAGGAC-1,32
GGCGAGCGAAACGGCA-1,50
GGCGCAGGACATCTTC-1,13
GGCGCATGAATTGATG-1,42
GGCGCGTTCGAGTTTA-1,33
GGCGCTCCTCATCAAT-1,60
GGCGGAGTAATATTAG-1,44
GGCGGTAGGATCATTG-1,40
GGCGTACCCTATATAA-1,43
GGCTAAAGGGCGGGTC-1,37
GGCTAATGATTGAAAT-1,36
GGCTACTATACACTCC-1,88
GGCTATTAAGTTGTAT-1,51
GGCTCCTCCACCTGTT-1,33
GGCTCGCGTTGAGGTA-1,33
GGCTCGTGCCACCAGC-1,39
GGCTCTGCTCCAACGC-1,33
GGCTGAAATAGCAAAG-1,73
GGCTGAGCATCGTAAG-1,38
GGCTGGCTAGCTTAAA-1,31
GGCTTTCAATAAGGGT-1,33
GGGAACCACCTGTTTC-1,39
GGGAACGGGAGGTTAG-1,14
GGGAACGGTTTCAGAT-1,30
GGGAATGAGCCCTCAC-1,44
GGGACAGAGTTACTCC-1,51
GGGACCCGTATATCTT-1,47
GGGACTGCATAGATAG-1,32
GGGAGAACTCACAGTA-1,23
GGGAGGATGCCCGAAA-1,56
GGGAGTAATGGCTGGC-1,39
GGGAGTTAATGAGGCG-1,37
GGGATGGTCGTAACCG-1,31
GGGATTTACCGCACCT-1,43
GGGCAACCGCACGTGC-1,46
GGGCAGACGTCACTGC-1,60
GGGCAGAGCAATCGTT-1,80
GGGCAGGATTTCTGTG-1,29
GGGCCCGTCTTAAACA-1,39
GGGCCCTACGAAAGGG-1,46
GGGCCCTTATCTATAC-1,30
GGGCCGGCCGAAGTAC-1,25
GGGCCTAAATGGGCTA-1,47
GGGCGATATGTGTGAA-1,33
GGGCGGCAAATGAATT-1,38
GGGCGGGTTCCCTACG-1,33
GGGCGGTCCTATTGTC-1,18
GGGCGTACATTTATAT-1,41
GGGCGTCACCACGTAA-1,13
GGGCGTCCACTGGCTC-1,34
GGGCGTTTACATTCAT-1,47
GGGCTACTATTTCGTG-1,46
GGGCTCATCGAACCCA-1,39
GGGCTGCCTAGGGCGA-1,37
GGGCTGGTTAGTCGCG-1,25
GGGTAATGCTGTGTTT-1,36
GGGTACCCACGGTCCT-1,36
GGGTACTTCATGAACT-1,30
GGGTATGTATGCACTT-1,34
GGGTATTCTAGCAAAC-1,46
GGGTCACCGTGACGGT-1,58
GGGTCACGTGCTTATG-1,3
GGGTCATGCGTACCAT-1,49
GGGTCGTGGCAAGTGT-1,36
GGGTGACACCTTAACT-1,34
GGGTGCATATGAAAGC-1,1
GGGTGGTCCAGCCTGT-1,49
GGGTGTTTCAGCTATG-1,51
GGGTTCAGACGAACAA-1,64
GGTAAATGTGCGTTAC-1,69
GGTAACCGGGAGGATA-1,26
GGTAACTATGTATCTG-1,54
GGTACAAACATGCTAT-1,59
GGTACATCTGGGACGA-1,60
GGTACCATTAAGACGG-1,52
GGTAGAAGACCGCCTG-1,16
GGTAGACCGTTGGGCG-1,13
GGTAGTGCTCGCACCA-1,56
GGTATTGCCGAGTTTA-1,33
GGTCACGTTAGATTCA-1,42
GGTCAGTGGGTCCCAC-1,33
GGTCCACGTCTATTTG-1,38
GGTCGGATAAACGGCG-1,37
GGTCGGCCAGGAGCTT-1,39
GGTCGGTAATTAGACA-1,50
GGTCGGTCGTCCACAG-1,33
GGTCGTAAGCTCGCAC-1,13
GGTCTCTGAATGGACT-1,17
GGTCTGAGAATCTGGA-1,35
GGTCTTGAGCGCTCTT-1,46
GGTGAAACCGGGAATG-1,47
GGTGAACGGGCTAGCC-1,37
GGTGAAGTACAGGGAT-1,17
GGTGAGATGCAGATAA-1,53
GGTGATAAGGAGCAGT-1,34
GGTGATTTCATCTTGT-1,44
GGTGCAGAGCCTATCG-1,26
GGTGCATAAATGATTA-1,44
GGTGCGGATAAGTGGC-1,41
GGTGCTGGTACACATT-1,55
GGTGGACCACGTGTTA-1,41
GGTGTTCTGTTTCTAC-1,17
GGTTACCACCCTCGGG-1,32
GGTTAGCTATATGTCT-1,29
GGTTAGGCTTGGAGAA-1,40
GGTTAGTTACGGCGCC-1,35
GGTTCCACCCGCTTCT-1,58
GGTTCGGATTATACTA-1,41
GGTTGTATCGTGAAAT-1,46
GGTTGTGCTCTTGTCC-1,56
GGTTGTGTAGCCTGGC-1,64
GGTTTAATTACCATCG-1,57
GGTTTACAATCTCAAT-1,30
GGTTTCAATCGGTCAG-1,14
GGTTTGACAAGAAGCT-1,36
GGTTTGAGTGCTGGAA-1,37
GTAACTGCCCAAGGAG-1,57
GTAACTTGCGGCAGTC-1,42
GTAAGCGGGCAGTCAG-1,29
GTAAGGATTTGTCGGA-1,48
GTAAGTAACAGTCTGG-1,32
GTAAGTAGGGTATACC-1,34
GTAATAAAGGGCTCCC-1,29
GTAATCTGATTCTTCG-1,11
GTACACTTACCTGAAG-1,34
GTACAGAGGCAAGGGT-1,43
GTACGACGGCGCTGCG-1,29
GTACGAGATTGCGACA-1,39
GTACGCTTCATTGCAC-1,46
GTACGTCACGTATTAA-1,30
GTACGTTTGCCCGTCA-1,56
GTACTAAGATTTGGAG-1,32
GTACTCCCTTATCGCT-1,27
GTACTCCTGGGTATGC-1,34
GTACTGAGGTCGTAAC-1,37
GTACTGCATGAAGCGT-1,51
GTACTGGAGTTAGACC-1,28
GTACTTGGGCACTTCT-1,69
GTAGAAACGGGTGGAG-1,62
GTAGACAACCGATGAA-1,49
GTAGACACGCCTGACT-1,58
GTAGACGTCGTTACAT-1,35
GTAGAGGGAGACAAGT-1,14
GTAGCCAAACATGGGA-1,94
GTAGCGCTGTTGTAGT-1,41
GTAGCGGCTATACACT-1,54
GTAGCTAGTAAGCGCG-1,45
GTAGCTCCGGGAGGCT-1,45
GTAGCTTCCTCTTGTT-1,41
GTAGGTGATCCGTGTA-1,33
GTAGTCGCGGGAATCA-1,30
GTAGTTCGAAGGCGAA-1,64
GTAGTTTAAGCACACG-1,27
GTATAATCTCCCGGAT-1,25
GTATAGGACTCAGTAG-1,26
GTATAGTGGCCCATGT-1,29
GTATATGTTACGGCGG-1,61
GTATCAGCTTGGGTTC-1,40
GTATCGGGACGAGCTG-1,4
GTATCTCAGTCTTGAC-1,36
GTATCTCCCTAACTGT-1,62
GTATCTCGGGCGCTTT-1,59
GTATCTTGTTGCTCAC-1,44
GTATCTTTCATAACCA-1,40
GTATGAAATTTCACTC-1,24
GTATGACGTGGGAAAC-1,24
GTATGTGGGTCTAGTT-1,24
GTATTAAGGCGTCTAA-1,26
GTATTAGGGTTCGCGT-1,19
GTATTCTGAGAAACGA-1,38
GTATTCTTACCGTGCT-1,44
GTCAAAGAAGTGGTGT-1,54
GTCAAAGTTTACATAG-1,30
GTCAAGCGGACTCGGG-1,36
GTCAATTGTACTGAAG-1,40
GTCACAAAGTTTCCAA-1,33
GTCACCTGTCTATGTC-1,63
GTCACTCTCCAAATCT-1,51
GTCAGAATAGTCTATG-1,36
GTCAGTTGTGCTCGTT-1,34
GTCAGTTTGGTAGTCG-1,80
GTCATCTCCTACAGCT-1,14
GTCATGCACCTCCGTT-1,48
GTCATGGACATGACTA-1,39
GTCATTAGAGCGAACG-1,49
GTCATTGCATTGACCC-1,33
GTCCCAACGTAAAGTA-1,59
GTCCCAATCATCCCGC-1,31
GTCCCGCGACGTTATG-1,1
GTCCGAGAGCAATCAT-1,45
GTCCGGCTGAATTGCG-1,27
GTCCGGGTTCACATTA-1,1
GTCCTACAGGCGGCTC-1,55
GTCCTACGAATAGTCT-1,1
GTCCTACTCTACGGGC-1,36
GTCCTATTGTTGTGGT-1,32
GTCCTTCTAGTGGGTT-1,62
GTCCTTTAATGACTTC-1,54
GTCGAATTTGGGCGCT-1,45
GTCGCCGTTGTGTGTT-1,45
GTCGCGTAACCCGTTG-1,32
GTCGGAAGGATACCAG-1,22
GTCGGATATCTCAGAC-1,61
GTCGGATGTAGCGCGC-1,41
GTCGGGAACATGGTAG-1,42
GTCGGGAAGCAGAAAC-1,118
GTCGTACCATCTCGGG-1,45
GTCGTACCTACGATTG-1,56
GTCGTATTGGCGTACA-1,27
GTCGTCAATTATAAGG-1,45
GTCGTGTCTGGTCATC-1,13
GTCGTTATTCGCTTAT-1,40
GTCTACTCAATTACAA-1,44
GTCTATCTGAGTTTCT-1,18
GTCTATTGGTTCCGGT-1,40
GTCTCAAGGCCCGGCT-1,32
GTCTCCGCCTCAATAC-1,1
GTCTCCTGCCAGTATG-1,38
GTCTCGACTAAGTTTG-1,29
GTCTCGATCTGCTTTC-1,29
GTCTCGCCAACACGCC-1,50
GTCTGGGCGGTCGAGA-1,82
GTCTTAGTACAGCCGG-1,43
GTGAAACGGCGCCACC-1,32
GTGAAACGTGCTCCAC-1,61
GTGAACTCCCATTCGA-1,43
GTGAAGATTTCAAGTG-1,32
GTGAAGCCGTATAGTC-1,42
GTGAAGTCACGACTCG-1,50
GTGACCGCACACTACG-1,44
GTGACTTCAGTAGTGC-1,35
GTGAGATAACCTTATA-1,39
GTGAGCGTGCTGCACT-1,45
GTGAGGACACTTAAGG-1,31
GTGAGGAGCGGTTGAG-1,49
GTGAGTCTAAGACGGA-1,47
GTGAGTGGTACAACGC-1,19
GTGATCAAGCGTGCAC-1,53
GTGATCACTAACGCCT-1,1
GTGATCATAGATCTGC-1,46
GTGATGCACAACATCT-1,30
GTGATTCGCCGCTCAA-1,71
GTGCAACAAATGTGGC-1,40
GTGCACCAGCTTCAAC-1,48
GTGCACGAAAGTGACT-1,31
GTGCCATCACACGGTG-1,24
GTGCCCGTTCGGATTC-1,30
GTGCCGCTTCAAAGGT-1,28
GTGCCTCAGTGTACGG-1,42
GTGCGAAATCGAACAC-1,54
GTGCGACAGGGAGTGT-1,2
GTGCGCAGCTTGCTCC-1,40
GTGCGCTTACAAATGA-1,49
GTGCGGGACCATCGGC-1,44
GTGCGGGTCTCCAAAT-1,24
GTGCGTGTATATGAGC-1,27
GTGCTCAAGTACTGTC-1,44
GTGGAACCTACATGCG-1,38
GTGGACCAACCCGATT-1,19
GTGGACGCATTTGTCC-1,45
GTGGACGTGCTGAGAC-1,41
GTGGAGCGTTTACCGA-1,40
GTGGAGTCGGCGGTTG-1,16
GTGGCAAACAGCGGCA-1,43
GTGGCCGGTTTCTCGG-1,18
GTGGCGGTCCCAGCGT-1,49
GTGGGAAGACTGAATC-1,56
GTGGGTACTGAGCGTA-1,42
GTGGGTCTTCTTTGCG-1,15
GTGGTATAGTCTGCCG-1,15
GTGGTCAGCGAAGTAT-1,39
GTGGTGGCCAAGTGAA-1,52
GTGGTTACTTCTTTCG-1,15
GTGGTTTCCGCCTTTC-1,22
GTGTACCTTGGCTACG-1,27
GTGTATATCAGCGGGC-1,24
GTGTATGACTTTAAAG-1,44
GTGTCAGTGTACGTGG-1,50
GTGTCCGATAAGGCAT-1,41
GTGTCGTATAGCGTTC-1,95
GTGTGAATAACTTAGG-1,25
GTGTGAGCCGAGGTGC-1,32
GTGTTACTATGCGTCC-1,31
GTTAAAGTAGGACTGG-1,21
GTTAACATCACTTAAA-1,44
GTTAAGGGTGCGATGT-1,79
GTTAATGTCTATCTTA-1,65
GTTACAATTGGTGACG-1,24
GTTACCTACAACTTGC-1,47
GTTACGAAATCCACGC-1,46
GTTACGGCCCGACTGC-1,40
GTTACTTTGGGCCTAG-1,45
GTTAGAGTGTGCCGCT-1,40
GTTAGGCTACCCGTTT-1,37
GTTATATCAGGAGCCA-1,18
GTTATATTATCTCCCT-1,41
GTTATCACCTTCTGAA-1,40
GTTATTAAATACGACC-1,61
GTTATTAACGTGGGAG-1,46
GTTCAATCTATGTCAA-1,64
GTTCCAAGACAGCGAC-1,54
GTTCCAGTCTGACCAT-1,37
GTTCGACAATTGTATA-1,42
GTTCGCCATAAGTGCC-1,33
GTTCGGGCGTACCATT-1,1
GTTCGTCTAAAGAACT-1,49
GTTCGTTGCGGACCAG-1,43
GTTCTTCCCTCGATGT-1,43
GTTGAACCGGTTCCAT-1,42
GTTGAGTCCCGCCGGT-1,24
GTTGCACGGAGTTTCG-1,51
GTTGGACCGCATCAGG-1,6
GTTGGATTCAGTGGCT-1,30
GTTGGATTGAGAACAC-1,33
GTTGGATTTGCGTTGG-1,51
GTTGGTCATGCTATCC-1,73
GTTGTCGTGTTAGTTG-1,28
GTTTACGTTCCATCTG-1,31
GTTTCATATCGTCGCT-1,19
GTTTCCTGGAGGGTGA-1,42
GTTTCTGCAGTCTCCC-1,45
GTTTGACCAAATCCTA-1,37
GTTTGAGCGGTTATGT-1,38
GTTTGGCCCAAGTTAT-1,37
GTTTGGCCGCTCAGCG-1,33
GTTTGGGCTTGTGAGC-1,87
GTTTGGTAGGGTCAAC-1,32
GTTTGGTGATCGGTGC-1,77
GTTTGTTAGCCAAGTA-1,45
TAAACCCAGGAGGGCA-1,19
TAAACGTCGTCAATGA-1,35
TAAAGAGCCCGAAACC-1,39
TAAAGCGGTATTTCCA-1,74
TAAAGCGTTAGGAGAA-1,32
TAAAGCTGCAATAGGG-1,33
TAAAGGAGAAACTAGT-1,44
TAAATGAATCCGTTTC-1,50
TAAATGCCGTCTCATG-1,37
TAACAAAGGGAGAAGC-1,36
TAACAATATTTGTTGC-1,56
TAACAGCGTTTGTGCT-1,64
TAACATACAATGTGGG-1,53
TAACATACACGCGATC-1,12
TAACCGCCCGCAGTGC-1,40
TAACCTACCGTCCGAG-1,15
TAACGCTTTGAGAGCG-1,40
TAACTATCGAAGGTCC-1,33
TAACTATTACGCCAAA-1,40
TAACTCATCCGCGCGG-1,40
TAACTCCATGGAGGCT-1,34
TAAGAGGGACAGGGAC-1,36
TAAGATTTAGCGGGAG-1,37
TAAGCAGGCGACACGC-1,47
TAAGCCCTTACGACCA-1,22
TAAGCGCGAATCAAAT-1,54
TAAGGAACTTGTGGGA-1,36
TAAGGCAACATAAGAT-1,46
TAAGGCCCGTCACCCT-1,36
TAAGGCTGAATCCCTC-1,28
TAAGGGCTGGGAGAGG-1,26
TAAGTAAATGTGCCGC-1,44
TAAGTAACATCTTGAC-1,26
TAAGTCGCCGAGTATC-1,7
TAAGTGAATAGTCTAC-1,40
TAATAAACAAGGAGAT-1,41
TAATACACAGTAGTAT-1,21
TAATAGAACAGAGTTA-1,33
TAATAGGTCACCAGAA-1,59
TAATAGTGACGACCAG-1,42
TAATATTGAAATTCGC-1,43
TAATCGATCCGTACGT-1,45
TAATGAAAGACCCTTG-1,51
TAATGTCGGTTCATGG-1,5
TAATTAGATGGATATG-1,38
TAATTGGAATCGGGAA-1,38
TACAAATTGCGGAGGT-1,55
TACAACGCACAACTCA-1,33
TACAAGCTGTTCACTG-1,41
TACAAGTCTCGTGCAT-1,49
TACAATGAAACCAGCA-1,46
TACATAGGCATACACC-1,45
TACATCCCTATCCCTG-1,38
TACATTTCTAACGTGC-1,50
TACCAAATAGCCCAGA-1,106
TACCAATAAAGTACCA-1,63
TACCAGAAGTAGGTTC-1,15
TACCAGCTAGGTTTAA-1,38
TACCAGGAATCCCGTC-1,31
TACCGCGGACTTGCAG-1,6
TACCGGCTCACTGCCC-1,49
TACCGGTCGTTTCCAT-1,19
TACCGTAGGTTAACTA-1,34
TACCGTGCCTCGGACC-1,59
TACCTACTCCCAGTAT-1,55
TACCTCACGCTTGTAC-1,38
TACCTCCACACCAATG-1,46
TACCTGCTGCACTGTG-1,25
TACCTTAAGATTTCCC-1,5
TACGAACACGACTTCA-1,38
TACGACGCTTGCTGCG-1,37
TACGACTGCCTCTTAG-1,58
TACGAGAACTTCACGT-1,32
TACGATGTTGATCATC-1,20
TACGCAGTTCTTTCCT-1,43
TACGCCATATTCTAAT-1,43
TACGCCGAGGGTACCC-1,20
TACGCCTCCATTCCGA-1,28
TACGCTGCTGTGTTAA-1,55
TACGGGATGCTAGCAG-1,31
TACGTACTAGTGCTGA-1,57
TACGTGCACTATGCTG-1,40
TACGTTTACCGGCAAT-1,26
TACTATGGTTCCTCAG-1,116
TACTCCTCTAGTTGAC-1,32
TACTCGGCACGCCGGG-1,33
TACTCTCCGAACAAAT-1,35
TACTCTTTCGTCTTCA-1,51
TACTGAACAGATTTAG-1,119
TACTGAGGGAAGAAAG-1,53
TACTGCAATCAATTAC-1,35
TACTGGACAGCTCGGC-1,46
TACTTGTTAGTAGTCC-1,26
TACTTTACTGAGCCGG-1,27
TACTTTCCGCACGCCA-1,38
TAGAAACCACTAAGTA-1,36
TAGAAAGGTGGCGCTA-1,26
TAGAAATTCACGTATA-1,58
TAGAATTAAGGGCAAC-1,33
TAGACGAAACGCCAAT-1,9
TAGACGCCCGTACCGG-1,25
TAGACTCAGTTGGCCT-1,11
TAGAGATCATGCAACT-1,1
TAGAGCTACGAAGAAC-1,39
TAGAGTCTAAGCGAAC-1,36
TAGATATGGACTGGAA-1,21
TAGATCCGAAGTCGCA-1,44
TAGATTCAAAGTGCGG-1,38
TAGATTCCTGGTTATT-1,30
TAGCAACCTGTCACAA-1,65
TAGCCATTTCAAAGTC-1,51
TAGCCGGCGGTCAGCG-1,13
TAGCGTCCGGTGTGGT-1,50
TAGCGTTGGGTCTTAC-1,39
TAGCTAAGTCCGGGAG-1,33
TAGCTAGAAGGCATGA-1,15
TAGCTCGCCTGATAAC-1,17
TAGCTGATGTGAAGCG-1,34
TAGGAACAGCCTCCAG-1,60
TAGGCATGTTACGCCA-1,47
TAGGCGATGAGGTCTC-1,30
TAGGCGGCTGCAAAGA-1,42
TAGGGAGCTTGGGATG-1,19
TAGGGTGTTTCAAGAG-1,45
TAGGTCCAAGTAAGGA-1,49
TAGGTCGCCGGAACTG-1,13
TAGGTGAGCCCTACTC-1,53
TAGGTGCTCGCCTAGC-1,30
TAGGTGTTCCACAGAT-1,29
TAGGTTCGAGTTCGTC-1,34
TAGGTTCTGCTGAGAA-1,1
TAGTACCACAACTTTC-1,38
TAGTACCTTAGTGGTC-1,37
TAGTAGCTTATACCAG-1,88
TAGTCCCGGAGACCAC-1,58
TAGTCCGCAGAGAATG-1,56
TAGTCCGTATGCATAA-1,40
TAGTCCTGCACTAAGC-1,49
TAGTCGATCACGGGTT-1,56
TAGTCTAACAACGAGA-1,18
TAGTCTGTGACGTTGC-1,31
TAGTGAGAAGTGGTTG-1,49
TAGTGCCCTCCAGAGT-1,31
TAGTGGAACTCATACA-1,54
TAGTGTCAGAAACGGC-1,53
TAGTTAAGATAGGATA-1,55
TAGTTTATTCTTGCTT-1,42
TATAAATCCACAAGCT-1,46
TATAAGTGAGGATAGC-1,41
TATACACAGACGCCTT-1,15
TATACACGCAAAGTAT-1,37
TATACGCGTCATCACT-1,27
TATACTCATGCGGCAA-1,71
TATAGAGTCGCTTGAA-1,92
TATAGATGGTCGCAGT-1,50
TATAGCGCACGTTATC-1,50
TATAGGGTACTCATGA-1,54
TATATAGGGCTTTACG-1,43
TATATATCGAGAAATG-1,49
TATATCAAAGTGATCT-1,39
TATATCATTGATCAGT-1,32
TATATCCCTGGGAGGA-1,5
TATATTACAAATGTCG-1,37
TATATTCGCGTCGATA-1,35
TATCACAGCACGGGCA-1,37
TATCACCATGTAAAGT-1,27
TATCACCCAACCGACC-1,29
TATCACTTCGAGTAAC-1,34
TATCAGTGGCGTAGTC-1,49
TATCCAATTGGTTATC-1,65
TATCCATATCATGCGA-1,23
TATCCATCTCGGTTAG-1,31
TATCCTGCATGGGAAT-1,39
TATCGATCTATGCATA-1,43
TATCGATGATTAAACG-1,51
TATCTACAGAGGTAAT-1,55
TATCTACCACAGCGGG-1,39
TATCTAGCCTAAAGGA-1,76
TATCTGAGCCGATATT-1,45
TATCTTGCAATACAAC-1,51
TATGAAGACAGGTGCG-1,23
TATGATAAATCTAACG-1,59
TATGATCCGGCACGCC-1,30
TATGATTCTGCTTGGT-1,37
TATGCTCCCTACTTAC-1,38
TATGGAGTTTCTCGTT-1,48
TATGGATGTGCTACGC-1,45
TATGGCAGACTTTCGA-1,31
TATGGCCCGGCCTCGC-1,48
TATGGGACCGAGCAGG-1,47
TATGGGTACGTATCGT-1,44
TATGGTCTGAGTAACA-1,43
TATGGTTAGTGGGAGA-1,1
TATGTAAAGTGCTTAA-1,50
TATGTAGAAACCCGGC-1,48
TATGTCAAGACCGACT-1,36
TATGTCTCATTGTGCC-1,24
TATTAACACCAAAGCA-1,44
TATTAACCTGACCGCG-1,133
TATTACCATCCTGCTT-1,44
TATTATGTTTGCCTGC-1,41
TATTCAATTCTAATCC-1,57
TATTCCACTCAGCTCG-1,20
TATTCCGAGCTGTTAT-1,13
TATTCCGGCAGTCCTA-1,46
TATTCCTCCGCCCACT-1,39
TATTCGTGCCAGAATA-1,13
TATTTAGTCTAGATCG-1,43
TATTTATACCGAGTAG-1,30
TATTTGTTACCCTTTA-1,61
TCAAACAACCGCGTCG-1,35
TCAAACTTAGATTGTT-1,29
TCAAAGAGCTATCTGT-1,43
TCAAAGTCACGGCGTC-1,44
TCAAATTTGAGACTCA-1,19
TCAACAAAGATAATTC-1,35
TCAACACATTGGGTAA-1,56
TCAACATAGCGCCCTA-1,26
TCAACATCGACCGAGA-1,46
TCAACCATGTTCGGGC-1,40
TCAACGAGGAGACAAA-1,40
TCAACGCAGGAAATAA-1,15
TCAACGCGACCGGCAG-1,53
TCAACTAACGTATAAC-1,8
TCAATACGCCGTCATG-1,65
TCACAGATCCTCAAAC-1,18
TCACAGCAAACTCGAA-1,16
TCACAGGGAATCGCAA-1,44
TCACAGGTTATTGGGC-1,38
TCACATCTTATCTGAT-1,2
TCACCCTCTTAAGATT-1,70
TCACCGCTCGGCACTC-1,38
TCACGATGTCCGTGGA-1,60
TCACGCATTGTAGATC-1,39
TCACGGCCCAAGAGAG-1,32
TCACGGTCATCGCACA-1,58
TCACGTGCCCGATTCA-1,41
TCACTACGACCAATGC-1,22
TCACTATCGTGCAATC-1,30
TCACTCAGCGCATTAG-1,39
TCACTCGTGCAACGGC-1,27
TCAGAACCTCCACAGG-1,27
TCAGACGCTATAGAAG-1,32
TCAGCAAATGCATCTC-1,34
TCAGCAGTAGGCCCTG-1,66
TCAGGGCGCAAACTCG-1,72
TCAGGGTGCACGAAAC-1,57
TCAGGGTGTAACGTAA-1,40
TCAGGTTCTTTGAGAA-1,46
TCAGTAGGGACTATAA-1,18
TCAGTGTATACGTCAT-1,20
TCAGTTACGGAATGAT-1,46
TCATACTTACAGATCC-1,17
TCATATGAGCTTTGTT-1,76
TCATCACTCGAGCTCG-1,35
TCATCCCAGAGGGTGG-1,33
TCATCGATGGTCCCAA-1,31
TCATGCAGGTTCTCAT-1,36
TCATTTAAGTCTCCGA-1,4
TCCAACTTTAAATTCT-1,48
TCCAATAAAGGCTACC-1,66
TCCACCTCTAGCCTTT-1,56
TCCACTTTATCTAGGT-1,31
TCCAGAGCACCGGTTC-1,53
TCCAGATGTACGCCAA-1,20
TCCAGGCGAGTACGGT-1,37
TCCAGGGTATATACGA-1,38
TCCATCAATACTAATC-1,46
TCCATTAGTTGGATAG-1,80
TCCATTGTGACCTCGT-1,44
TCCCAAACAGACAACG-1,23
TCCCAAAGACGAAGGA-1,33
TCCCACGGAGGGAGCT-1,38
TCCCAGCTTTAGTCTG-1,42
TCCCAGGCTTAGCTAA-1,28
TCCCGCGTACTCCTGG-1,38
TCCCGGGTGTGCTGCT-1,15
TCCCGGTCAGGAATTT-1,47
TCCCGTCAGTCCCGCA-1,19
TCCCGTGTGCAATTTG-1,24
TCCCTCCGAAATCGTT-1,32
TCCCTGGCGTATTAAC-1,37
TCCCTGGCTCGCTGGA-1,25
TCCCTTAGATTACTCG-1,35
TCCGAACTTGGCTTAC-1,35
TCCGAAGTAGTCACCA-1,34
TCCGACCGCTAATCAA-1,33
TCCGAGAAGGCTAAGC-1,50
TCCGATAATTGCCATA-1,31
TCCGATGACTGAGCTC-1,29
TCCGATGGTGCGACAT-1,29
TCCGATTACATTGCCG-1,5
TCCGCCTGTCTACAAG-1,121
TCCGCGGCAGCATCTG-1,30
TCCGCTGTCATCCCGG-1,75
TCCGCTTATCCCATTA-1,54
TCCGGAGGAAGGGCTG-1,35
TCCGGCCTAGCGTACA-1,28
TCCGGCCTGCATCGAT-1,46
TCCGGTTCGTCCGGTC-1,21
TCCGTAACCACAATCC-1,67
TCCGTTTAGCCTTGAA-1,28
TCCTAAATTGGGAAGC-1,53
TCCTAACCGTCGGGCA-1,74
TCCTACATCCACGGCC-1,74
TCCTAGCAAAGAAGCT-1,43
TCCTCCTAAGACATTC-1,31
TCCTCGGGCTGGGCTT-1,36
TCCTCTACGAGATGGC-1,44
TCCTCTCCAGTTGTCC-1,18
TCCTCTGGCCCATTAG-1,73
TCCTGCCAACTGGAGA-1,39
TCCTGCGTTGATACTC-1,43
TCCTGGCGCTGCCTGG-1,35
TCCTTACGACGGTCCG-1,51
TCCTTCAGTGGTCGAA-1,36
TCCTTGTCCTTTAATT-1,1
TCCTTTCTTACGCTTA-1,30
TCGAAATTTAGGACCA-1,31
TCGAAGAACCGAGCAC-1,32
TCGAATATCCCGCAGG-1,34
TCGACAACTGAACCCG-1,41
TCGACATAGCGTAGCG-1,53
TCGAGACCAACACCGT-1,51
TCGAGCCAGGCAGGCC-1,37
TCGATAGGCTAGTCGC-1,48
TCGCAAAGATGCATTT-1,49
TCGCACCAGGAGGCAG-1,29
TCGCATCCCTAAGTGT-1,16
TCGCATTCAATGACTT-1,38
TCGCCCAACTGACTCC-1,44
TCGCCGAAGTTGCGTC-1,37
TCGCCGCACCGCGTGA-1,61
TCGCCGGTCGATCCGT-1,28
TCGCGTCCAGAAGGTC-1,49
TCGCTAAACCGCTATC-1,32
TCGCTCGATATATTCC-1,39
TCGCTCGGCACCAGCG-1,7
TCGCTGGGCGGATTGT-1,34
TCGCTGTGCGTAAATC-1,47
TCGCTTTAAACGTTTG-1,33
TCGGAATGACCATCAA-1,36
TCGGAATGCGCTCTGA-1,48
TCGGACGCCCAGCCCA-1,28
TCGGAGAGTATCGGGA-1,13
TCGGAGTACATGAGTA-1,37
TCGGCGTACTGCACAA-1,41
TCGGCTAACTTCCCTT-1,47
TCGGGAGACAGCGTAC-1,46
TCGGGATTCAAACATA-1,41
TCGGGCACTTCTGGAT-1,45
TCGGGCCGTCGTGGTA-1,23
TCGGGTGAAACTGCTA-1,31
TCGGTCCCGACAATAG-1,37
TCGGTCCCTGACTCCA-1,20
TCGGTGACCGCTCCGG-1,35
TCGGTTAGCCATGTAG-1,52
TCGTAAGACGACATTG-1,33
TCGTAAGCTCCGAGGA-1,25
TCGTATAGTGCAATTA-1,37
TCGTATTACCCATTGC-1,73
TCGTATTTCGTCCGGA-1,57
TCGTCAAGTACGCGCA-1,21
TCGTCACACTGTTAGC-1,31
TCGTCCGCTGGCGTCT-1,53
TCGTCTTAGGCGTTAA-1,26
TCGTGTACTATGGATG-1,39
TCGTGTCACGCTGACA-1,30
TCGTTAGGAGTCCCTA-1,22
TCGTTCGTTATTATGT-1,32
TCGTTGCTATCCGGTC-1,42
TCGTTGGCTCGTCAAT-1,41
TCTAAAGAACAGTCTC-1,39
TCTAACTGTATGTAAA-1,51
TCTAATACTGCCTCAG-1,32
TCTACACGTTCATGCA-1,27
TCTACCGTCCACAAGC-1,39
TCTAGCAATCTCCGCC-1,7
TCTAGCATCTTCGATG-1,51
TCTAGCATGCCCAGAA-1,39
TCTAGGTGGCGACGCT-1,24
TCTAGTGATATCGTGG-1,39
TCTAGTTATCAGAAGA-1,33
TCTATCATGCAGTTAC-1,44
TCTATCGGTCGCAACA-1,31
TCTATTACGCTGGCGA-1,74
TCTATTACTAGAGGAT-1,44
TCTCATGAGATAGGGT-1,25
TCTCCAACGTAGGTTA-1,32
TCTCCCTGGGCAGCGT-1,66
TCTCGAACGAGGTCAC-1,24
TCTCGGCTCCAGGACT-1,70
TCTCGTGTTACGAGGA-1,47
TCTCTAATAGCTGGTA-1,40
TCTCTTACCGCGAACC-1,80
TCTGAACCGGTCGGCT-1,33
TCTGAACTCGTACCCG-1,42
TCTGAAGCACGTGGTC-1,4
TCTGAATTCCGTACAA-1,16
TCTGATGTATTCTGTC-1,64
TCTGCCAGAAACTGCA-1,28
TCTGCGTCCGGTTTCT-1,36
TCTGGCGCAAGCCGGG-1,40
TCTGGGAACCTTTGAA-1,14
TCTGGGTAGCGCTCAT-1,12
TCTGTCATACAAGAGC-1,46
TCTGTGACTGACCGTT-1,49
TCTGTGCCATCATAGT-1,27
TCTGTGGCTACATTTC-1,38
TCTGTTACCCAGCATA-1,34
TCTTACAGAGGTACCG-1,30
TCTTACCGGAACTCGT-1,34
TCTTACGGCATCCGAC-1,44
TCTTACTTATGCCTCT-1,45
TCTTAGAGTGAACTCT-1,1
TCTTATGGGTAGTACC-1,46
TCTTCCCATGGGCACA-1,21
TCTTCGAATAGACGTT-1,51
TCTTCGATACCAATAA-1,31
TCTTGATGCGTAGCGA-1,31
TCTTGCTCCCGATACT-1,40
TCTTGGTAACACCAAA-1,32
TCTTTAAGACTATGAA-1,6
TCTTTCTCTTAAGGAG-1,56
TGAAACCTCAACTCAC-1,41
TGAAACTTATGCAAGC-1,44
TGAAAGGACCTGACTC-1,37
TGAACAAGCAGGGACT-1,90
TGAAGAGCGGTCCTAG-1,38
TGAATATGCTATAAAC-1,47
TGAATTTCACTTGCCT-1,48
TGACACTTCTCTTTGC-1,35
TGACAGGACAAGTCCA-1,58
TGACATCGAGCGGACC-1,15
TGACCAAATCTTAAAC-1,48
TGACCAGCTTCAAAGT-1,35
TGACCCAACTCACATT-1,46
TGACCCACGTTAGACA-1,43
TGACCCAGCATTCCCG-1,2
TGACGAATATTTCCCT-1,41
TGACGATGCACTAGAA-1,2
TGACTATAATCCTTTC-1,37
TGACTCCGAATCATAC-1,38
TGAGAATGCTTTACCG-1,47
TGAGACGTACCTCTCA-1,44
TGAGAGATTTACCACG-1,29
TGAGATCAAATACTCA-1,29
TGAGATTAGGCCCTAA-1,32
TGAGCAGTCGTGAAGT-1,34
TGAGCCATACAGTCTC-1,23
TGAGCGGAAAGTGTTC-1,70
TGAGCTTTAATGACGC-1,47
TGAGGAGTGCCAGCTT-1,97
TGAGGCATGTACTGTG-1,46
TGAGGTGTGTGGCGGA-1,29
TGAGGTTGATCCCAAG-1,36
TGAGTAAATTAGCGTA-1,35
TGAGTGCCTCTTAAAT-1,20
TGAGTGGTCCGTGACG-1,40
TGATACATTTAGCCGT-1,106
TGATAGCGGGATTCTA-1,56
TGATCAGGGAACTGCT-1,20
TGATCCCAGCATTAGT-1,51
TGATCGGTTTGACCCT-1,35
TGATCTACGCTGATCT-1,25
TGATCTCCGGCGCCAG-1,40
TGATTATGGCACGCAG-1,44
TGATTCAGGTCCCGCG-1,56
TGATTCGTCTATCACT-1,40
TGATTCTGTCGCCGGT-1,1
TGATTTATTAGCTGTG-1,17
TGATTTCCTCCTGACG-1,49
TGCAAACCCACATCAA-1,34
TGCAAGAATGACGTAA-1,42
TGCAATTTGGGCACGG-1,38
TGCACAGTGAAGTTAT-1,32
TGCACGAGTCGGCAGC-1,32
TGCACTATGTGAGTGC-1,50
TGCAGAACTATATCGT-1,55
TGCAGAGTACCGAGCA-1,57
TGCAGATCGTCCTAGG-1,60
TGCAGCTACGTACTTC-1,56
TGCAGGATCGGCAAAG-1,29
TGCAGTGGTAGGGAAC-1,28
TGCAGTTTCCTCCCAT-1,38
TGCATATGTCTGTCAC-1,25
TGCATGGATCGGATCT-1,32
TGCATGTGACCCATAG-1,37
TGCATGTGGTAATCTA-1,27
TGCCAAAGTCAGACTT-1,58
TGCCAATGGGTACTCT-1,22
TGCCACACTAGAGGAA-1,38
TGCCACCTGGCGAAAC-1,42
TGCCAGTACGTGGAGA-1,51
TGCCATGGCTTATAAG-1,63
TGCCATTACTAAAGAA-1,41
TGCCCGTACCGTTAAA-1,23
TGCCGGATGTACGAGC-1,47
TGCCGTGGATCGTCCT-1,39
TGCCTGACATCGGTCA-1,54
TGCCTGATCAAACGAT-1,35
TGCCTTGGCCAGGCAA-1,26
TGCGAATATGGGATTT-1,36
TGCGACACCCTAGTGC-1,26
TGCGACGGCCGAACGT-1,28
TGCGAGAATATTACCC-1,108
TGCGAGATGGCGGCCA-1,23
TGCGAGCCCTTCCGCG-1,32
TGCGATGCTAATGGCT-1,37
TGCGCAAAGCATTTGG-1,34
TGCGCGATTAACGGAG-1,59
TGCGGAGTAAAGGTGC-1,30
TGCGGCATAGTTCAAC-1,31
TGCGGTCTACGAGTAA-1,65
TGCGGTGAAATTTCAT-1,58
TGCGTAAGAACCTGAT-1,41
TGCGTCATGACTGAGC-1,53
TGCGTGATTGGGTGTC-1,42
TGCGTTTGTTGACACT-1,25
TGCTAAGTGTCTATTT-1,8
TGCTATACAAACGGAC-1,57
TGCTATGGCAAAGGGA-1,41
TGCTCCACAGTTCTTA-1,66
TGCTCGGCGAAACCCA-1,35
TGCTCTTGAGAGTTTG-1,29
TGCTGGTTGGACAATT-1,54
TGCTGTTGAAGAACTC-1,50
TGCTTAGAGAGAATGC-1,54
TGCTTCCCAAGCAGTA-1,63
TGCTTGAAACCATGCA-1,31
TGGAAACGGAGTGAAC-1,22
TGGAACCACTGACACA-1,40
TGGAAGAAGGGAACGT-1,18
TGGAAGACGAACACCA-1,16
TGGAAGGATAAAGATG-1,38
TGGAATATCCTTGACC-1,27
TGGAATTAGACGCTTT-1,58
TGGACACCGTTGCTTG-1,35
TGGACCACGGCGTTGA-1,58
TGGACGCAATCCAGCC-1,30
TGGACTGTTCGCTCAA-1,49
TGGAGCTAAAGTTCCC-1,42
TGGAGTGATGCGATGA-1,41
TGGATAGAGTAACAGA-1,33
TGGCAAACTAAATTAC-1,36
TGGCAACTCGCGCGCC-1,52
TGGCAAGCACAAGTCG-1,54
TGGCACGAGCTCGAGT-1,11
TGGCAGATTACGATCA-1,62
TGGCAGCAGTAATAGT-1,34
TGGCATGAAGTTTGGG-1,37
TGGCCAAACTGAAGTA-1,19
TGGCCAATTTGGTACT-1,49
TGGCGACTGCTCCAAA-1,41
TGGCGATCAAGTTATG-1,9
TGGCGGTGTGCGATTG-1,39
TGGCTCTTGTCGCGTA-1,31
TGGCTTGTACAAGCTT-1,23
TGGCTTTGGGTAGACA-1,32
TGGGAAATGCCTTTCC-1,53
TGGGATGCACTCATTC-1,30
TGGGCACAAACAGAAC-1,48
TGGGCACGTTCTATGG-1,36
TGGGCCACAAGAGCGC-1,34
TGGGCCCATACTAATT-1,35
TGGGCGATACAATAAG-1,3
TGGGTAAGGTTCCCGC-1,48
TGGGTGGGATGTCATT-1,33
TGGGTTTCGGGCGTAC-1,38
TGGTAAGCAGGATTGA-1,50
TGGTATCGCATCCCAA-1,56
TGGTATCGGTCTGTAT-1,45
TGGTCCCACGCTACGG-1,21
TGGTCGTGCAAGGCAA-1,49
TGGTCTGTTGGGCGTA-1,20
TGGTGATCGTATTTGT-1,63
TGGTTAACTTACATTT-1,37
TGGTTAAGGGCGCTGG-1,1
TGGTTCAACGGGTAAT-1,96
TGGTTCGTAGCAAAGG-1,12
TGGTTGGAGGATCCTG-1,34
TGGTTTAAACGTGGGT-1,27
TGTAACTTGTCAACCT-1,25
TGTAATGACCACAATA-1,43
TGTACGAACAAATCCG-1,48
TGTACGCTATCAGCTT-1,64
TGTACTGTGCCAAAGT-1,39
TGTAGGAGAAATTTCC-1,36
TGTAGTGATCTATAAT-1,28
TGTATAACAGATCCTG-1,31
TGTATCAGACTGAAGC-1,55
TGTATCCTTATTCCAT-1,45
TGTATGGCGCAGACAG-1,52
TGTATTTACCTAATGC-1,46
TGTCATTTGTTGGGAA-1,32
TGTCCCGACATAGCAC-1,28
TGTCCGTGGCGCCTTT-1,27
TGTCCTAAGTCACCGC-1,31
TGTCGGCATGGTGGAA-1,73
TGTCGTTATCACATAT-1,35
TGTCTACAGTTTCTGT-1,41
TGTGACTACGCCAGTC-1,37
TGTGAGACTAGCCCAA-1,127
TGTGATTCCAGCGCTT-1,70
TGTGCTTTACGTAAGA-1,42
TGTGGAGGAAGCTTAA-1,47
TGTGGCAAAGCGTATG-1,38
TGTGGCGGGCTTCTGG-1,56
TGTGTCGCGAGTTGCA-1,42
TGTGTGACCATGAATC-1,36
TGTGTTCGTATCCAAG-1,41
TGTTATTGTATGTGGC-1,31
TGTTCATAAATGTGCT-1,41
TGTTCCGCTTCCATGA-1,91
TGTTCGTATTGCGGTG-1,25
TGTTCTTCCATTGACT-1,50
TGTTGTCAAGAAGTCT-1,45
TGTTTAATACTTCATC-1,42
TGTTTCGGTACTTCTC-1,40
TGTTTCTGAAGCGTGC-1,40
TTAAACAGAGTCCCGC-1,19
TTAAACCGGTAGCGAC-1,48
TTAAACCTGGTTCCTT-1,57
TTAAACTCGAATTCAT-1,21
TTAACACCTCGAACAT-1,18
TTAACCAACCCTCCCT-1,23
TTAACGAACAAGCAGT-1,18
TTAACGTCGCAAGACC-1,53
TTAACGTTAAAGCCTG-1,26
TTAACTCACGCGTGGA-1,63
TTAACTTCAGGTAGGA-1,67
TTAAGACGAACGAACC-1,54
TTAAGATACCCAGAGA-1,20
TTAAGATAGGATTGAC-1,23
TTAAGCCGACAACTTC-1,38
TTAAGCGCCTGACCCA-1,39
TTAAGGATACGGAGGT-1,42
TTAAGGCCCGTACTTT-1,46
TTAATCAGTACGTCAG-1,40
TTAATGCGAGGTAACT-1,51
TTAATGTAGACCAGGT-1,32
TTAATTTCAGACGCGG-1,28
TTACAACTACGCATCC-1,37
TTACAGACCTAAATGA-1,35
TTACATCGTGGCCTGG-1,39
TTACATGCCACAACTA-1,31
TTACCATTGATTACCC-1,58
TTACCCATTGCCGGGT-1,37
TTACCCTAACAGTCCT-1,36
TTACCCTAGGGATTGG-1,13
TTACCGCCTTAGGGAA-1,39
TTACGGATGGTTCGAG-1,29
TTACGGTGTCACCGAG-1,41
TTACGTAGCGCGTGCT-1,23
TTACTAAAGGACTTTA-1,82
TTACTATCGGCTTCTC-1,24
TTACTCCGGCCGGGAA-1,29
TTACTCTGGTACGTAC-1,28
TTACTGGGATATTTCA-1,52
TTACTGTCTAGAGCTC-1,7
TTACTGTTTCTCTACG-1,36
TTAGAAGAACATGACT-1,54
TTAGAATAAGGGTCGG-1,83
TTAGACACGATCGTTG-1,33
TTAGACGAGTCACCTC-1,85
TTAGAGTTTAGAAGGA-1,64
TTAGATAGGTCGATAC-1,54
TTAGCAACATGGATGT-1,57
TTAGCTAATACGATCT-1,32
TTAGCTCTGTAATCCG-1,53
TTAGCTGATTTGCCGT-1,27
TTAGGTCATAACCGAC-1,28
TTAGTAGGGCGGCGGG-1,38
TTAGTTATTCGTGGCA-1,26
TTAGTTCAAGTGTTCG-1,15
TTATAGATGCACATTA-1,54
TTATAGGTAATTGTCT-1,95
TTATAGTCCAAGGTGC-1,3
TTATATACGCTGTCAC-1,28
TTATATTTGGCAATCC-1,35
TTATCATACTCGCAAA-1,39
TTATCCAATCGAACTC-1,37
TTATCCGGGATCTATA-1,30
TTATCCTCAAGGAATA-1,41
TTATCGCCTGCGAAGC-1,53
TTATCTGACATTAGGA-1,48
TTATCTGTATCATAAC-1,33
TTATGAATGAAAGGGA-1,50
TTATGACAAACTGGAT-1,38
TTATGATCTTAACGAA-1,23
TTATGCGTCCCGGTCC-1,34
TTATGTTTGCGATAGA-1,26
TTATTAGAGCGTGTTC-1,39
TTATTAGGGAAGCATC-1,40
TTATTTCATCCCAAAC-1,11
TTCAAAGTCTCTAGCC-1,27
TTCAACGACCCGACCG-1,45
TTCAAGCCGAGCTGAG-1,36
TTCAATACTCTGAATC-1,11
TTCAATTAGCCATAAT-1,41
TTCACGAAAGGATCAC-1,53
TTCACGGTCGTCACGT-1,39
TTCACTCGAGCACCTA-1,22
TTCAGAGTAACCTGAC-1,46
TTCAGCCCTGGTCCAC-1,49
TTCAGCTGGCGTGCCC-1,1
TTCAGGCGTCAAAGCC-1,54
TTCAGTTTGTGGCAGC-1,40
TTCATAGCCTTGTAAC-1,20
TTCATGGCGCAACAGG-1,43
TTCCAATCAGAGCTAG-1,30
TTCCAATCTGGCTATC-1,50
TTCCACATTTCTCGTC-1,50
TTCCATCATGCGGTGA-1,43
TTCCCGACGCTTCACT-1,64
TTCCCGGCGCCAATAG-1,37
TTCCGCAGAGAAATAT-1,49
TTCCGCGTGAGGCGAT-1,46
TTCCGGCCTTGAGGCT-1,35
TTCCGGCTCGACTTCT-1,45
TTCCGGTTACCCACTT-1,58
TTCCTCGAGGGTGTCT-1,42
TTCCTCGGACTAACCA-1,27
TTCCTCTGCCCGAATA-1,37
TTCCTTTCTGTGTTGC-1,55
TTCGACAGAGCCCGTG-1,25
TTCGACGGGAAGGGCG-1,47
TTCGCACTCGCGTGCT-1,65
TTCGCACTGTACGACA-1,26
TTCGCATCCGGAAGCA-1,33
TTCGCCGCTCGCGCTA-1,66
TTCGCTATCTGACGTG-1,32
TTCGGACTGATGCCTT-1,23
TTCGGCAACCCGCTGA-1,33
TTCGGCTAGAGATGGT-1,26
TTCGGGACTAATCGCG-1,49
TTCGGGCGCTAGTCTT-1,21
TTCGGTACTGTAGAGG-1,20
TTCGTAATCCCAGCGG-1,64
TTCGTACTCCAGAACG-1,43
TTCGTTCAACGAAGTT-1,40
TTCTAACCGAAGCTTA-1,23
TTCTACCTCAATCGGT-1,54
TTCTACCTTTATGTTG-1,66
TTCTACTTGCGAGGGC-1,38
TTCTAGGCCAATTGTG-1,55
TTCTATTAAACGCAGC-1,48
TTCTCTTACAGGTGAT-1,36
TTCTGACCGGGCTCAA-1,39
TTCTGCCGCGCCTAGA-1,31
TTCTGCGAGCGCCCTT-1,16
TTCTGCGGGTTAGCGG-1,24
TTCTGCTAGACTCCAA-1,56
TTCTGTTTCCTGTCGC-1,47
TTCTTAGTGAACGGTG-1,44
TTCTTAGTGGCTCAGA-1,55
TTCTTCGCAATAGAGC-1,62
TTCTTGAGCCGCGCTA-1,11
TTCTTGGACGATCTGC-1,10
TTCTTGGAGTAATGAG-1,24
TTCTTGTAACCTAATG-1,38
TTCTTGTGTCCATCAG-1,45
TTCTTTGGTCGCGACG-1,49
TTGAAAGGTGTAAAGG-1,35
TTGAACGAATCCTTTG-1,38
TTGAAGAATTCCCAGG-1,26
TTGAAGGATGGGCGCC-1,44
TTGAATATGGACTTTC-1,29
TTGAATCGTTGTATAA-1,38
TTGAATTCACGTGAGG-1,9
TTGACATGAACGTGGA-1,30
TTGACCATGTTCTCCG-1,33
TTGACCGTGTTAATGA-1,42
TTGACGATTCAGCACG-1,40
TTGACGCTCCATGAGC-1,22
TTGACTACCATATGGT-1,41
TTGAGAGTACTGCTAA-1,25
TTGAGGCATTTAACTC-1,42
TTGATCTAACTTTGTC-1,36
TTGATGCCGCTCGTCG-1,39
TTGATGTGTAGTCCCG-1,26
TTGATTAGCTGTTTCT-1,24
TTGATTATGCAGATGA-1,42
TTGCACAATTCAGAAA-1,47
TTGCACGGAGCAGCAC-1,31
TTGCATGCTGATCACG-1,30
TTGCCATAGCCCGCTC-1,32
TTGCCCTGATCACGGG-1,56
TTGCCGCAGACCTACA-1,37
TTGCCGGTGATCCCTC-1,35
TTGCCTAATCCAAAGT-1,41
TTGCGGCATCAGAAAG-1,51
TTGCGGCGACTCATGC-1,50
TTGCGTAGTTTGAGGA-1,55
TTGCGTCGGCCAACCG-1,26
TTGCGTGAACGCTTAG-1,28
TTGCTAGCTACCAATC-1,41
TTGCTCCCATACCGGA-1,30
TTGCTGAAGGAACCAC-1,28
TTGCTGATCATGTTCG-1,42
TTGCTGCACCTATCCA-1,36
TTGCTGGCCGGGCTTC-1,50
TTGGAAGAATACAGTC-1,39
TTGGACATGTGGCTTA-1,1
TTGGAGTCTCCCTTCT-1,45
TTGGATATCGTCTACG-1,23
TTGGATCGACTTCTGG-1,43
TTGGATTGGGTACCAC-1,35
TTGGCCATCTTGCGCT-1,54
TTGGCCTAGAATTTCG-1,26
TTGGCTCGCATGAGAC-1,52
TTGGGACACTGCCCGC-1,47
TTGGGCGGCGGTTGCC-1,41
TTGGTCACACTCGTAA-1,34
TTGGTTGCGGTGCGCG-1,29
TTGTAACTTCATAGCG-1,1
TTGTAAGGACCTAAGT-1,34
TTGTAAGGCCAGTTGG-1,23
TTGTAATCCGTACTCG-1,50
TTGTATCACACAGAAT-1,41
TTGTCACCGCGGTATC-1,39
TTGTCGTTCAGTTACC-1,32
TTGTGAGGCATGACGC-1,36
TTGTGCAGCCACGTCA-1,79
TTGTGGCCCTGACAGT-1,51
TTGTGGTAGGAGGGAT-1,12
TTGTGTATGCCACCAA-1,22
TTGTGTTTCCCGAAAG-1,22
TTGTTAGCAAATTCGA-1,45
TTGTTCAGTGTGCTAC-1,34
TTGTTGTGTGTCAAGA-1,30
TTGTTTCACATCCAGG-1,17
TTGTTTCATTAGTCTA-1,37
TTGTTTCCATACAACT-1,45
TTGTTTGTGTAAATTC-1,57
